datetime,temperature,humidity,pressure,altitude,wind_speed_km_h,wind_direction,gust,description,latitude,longitude
2021-10-28 16:00:00.704612,30.68,63.44,1005.92,61.21,4.91,N,7.1,overcast clouds,10.3,79.8
2021-10-28 17:00:01.445610,30.38,64.36,1006.55,55.93,3.7,NNE,5.86,overcast clouds,10.3,79.8
2021-10-28 18:00:01.222018,30.12,66.01,1007.18,50.67,3.37,NE,5.92,overcast clouds,10.3,79.8
2021-10-28 19:00:01.184704,29.88,67.11,1008.17,42.4,2.95,NE,5.98,overcast clouds,10.3,79.8
2021-10-28 20:00:01.327606,29.52,68.69,1009.1,34.57,2.94,NNE,6.27,broken clouds,10.3,79.8
2021-10-28 21:00:02.827435,29.39,70.43,1009.39,32.16,2.98,N,6.43,broken clouds,10.3,79.8
2021-10-28 22:00:01.376734,29.7,70.61,1009.27,33.23,2.97,N,6.23,broken clouds,10.3,79.8
2021-10-28 23:00:01.531559,29.75,69.35,1008.54,39.25,3.5,N,8.25,broken clouds,10.3,79.8
2021-10-29 00:00:01.841334,29.68,67.88,1008.81,37.04,4.71,N,11.53,light rain,10.3,79.8
2021-10-29 01:00:01.796598,29.65,67.78,1007.93,44.4,4.88,N,11.55,overcast clouds,10.3,79.8
2021-10-29 02:00:01.386424,29.59,69.1,1007.28,49.79,4.55,N,10.86,overcast clouds,10.3,79.8
2021-10-29 03:00:01.849501,29.51,70.11,1007.58,47.28,4.24,N,9.89,heavy intensity rain,10.3,79.8
2021-10-29 04:00:01.796143,29.34,70.41,1007.76,45.8,4.22,N,9.71,heavy intensity rain,10.3,79.8
2021-10-29 05:00:01.240662,29.31,70.23,1008.43,40.19,4.45,N,9.51,moderate rain,10.3,79.8
2021-10-29 06:00:01.344703,29.22,70.76,1008.86,36.63,4.46,NNW,9.73,overcast clouds,10.3,79.8
2021-10-29 07:00:03.513646,28.24,74.43,1009.44,31.79,4.75,NNW,9.63,very heavy rain,10.3,79.8
2021-10-29 08:00:01.390271,27.45,77.5,1010.48,22.97,5.25,NNW,8.98,overcast clouds,10.3,79.8
2021-10-29 09:00:01.502150,27.85,77.51,1010.32,24.39,6.01,N,8.16,overcast clouds,10.3,79.8
2021-10-29 10:00:03.149753,28.63,75.1,1010.77,20.69,6.48,N,7.07,overcast clouds,10.3,79.8
2021-10-29 11:00:01.718459,29.59,73.52,1010.31,24.54,6.02,N,6.23,light rain,10.3,79.8
2021-10-29 12:00:02.840453,29.95,73.27,1009.06,34.96,5.8,N,6.14,light rain,10.3,79.8
2021-10-29 13:00:02.136411,29.97,73.38,1007.88,44.85,5.33,NNW,5.4,overcast clouds,10.3,79.8
2021-10-29 14:00:03.100124,30.03,72.91,1006.88,53.18,4.79,NNW,4.97,overcast clouds,10.3,79.8
2021-10-29 15:00:01.338621,30.26,72.05,1006.42,57.04,4.51,NNW,4.77,overcast clouds,10.3,79.8
2021-10-29 16:00:01.247309,30.24,72.37,1006.75,54.29,4.37,NNW,4.98,overcast clouds,10.3,79.8
2021-10-29 17:00:01.202360,29.95,72.71,1007.25,50.07,3.74,NNW,5.13,overcast clouds,10.3,79.8
2021-10-29 18:00:03.790208,29.97,72.57,1008.47,39.86,3.46,NNW,5.36,overcast clouds,10.3,79.8
2021-10-29 19:00:04.632135,29.72,73.75,1008.97,35.67,3.13,NNW,5.11,overcast clouds,10.3,79.8
2021-10-29 20:00:02.300693,29.77,73.31,1009.52,31.08,3.07,NNE,5.02,broken clouds,10.3,79.8
2021-10-29 21:00:03.741483,29.07,73.35,1010.99,18.81,3.03,NNE,4.82,broken clouds,10.3,79.8
2021-10-29 22:00:03.914826,29.58,73.09,1011.55,14.16,2.85,NNE,4.53,broken clouds,10.3,79.8
2021-10-29 23:00:02.254471,29.57,72.48,1010.98,18.92,2.89,N,4.43,heavy intensity rain,10.3,79.8
2021-10-30 00:00:02.344652,29.48,71.92,1010.11,26.13,3.15,N,5.65,moderate rain,10.3,79.8
2021-10-30 01:00:02.202580,29.39,73.19,1010.21,25.36,3.32,N,5.87,moderate rain,10.3,79.8
2021-10-30 02:00:02.339438,29.3,72.77,1009.1,34.64,3.43,N,6.23,overcast clouds,10.3,79.8
2021-10-30 03:00:02.187298,29.14,70.69,1009.19,33.9,3.38,N,6.3,overcast clouds,10.3,79.8
2021-10-30 04:00:02.246427,29.13,71.43,1008.65,38.36,3.38,N,6.3,overcast clouds,10.3,79.8
2021-10-30 05:00:02.325279,29.09,72.63,1009.19,33.89,3.54,N,6.6,overcast clouds,10.3,79.8
2021-10-30 06:00:02.262062,28.77,74.12,1010.11,26.19,3.79,N,7.91,overcast clouds,10.3,79.8
2021-10-30 07:00:02.208226,28.46,75.2,1011.04,18.41,4.55,N,8.38,overcast clouds,10.3,79.8
2021-10-30 08:00:04.012031,28.46,75.85,1011.69,13.02,4.55,N,8.38,overcast clouds,10.3,79.8
2021-10-30 09:00:03.253451,29.01,74.99,1012.26,8.28,5.57,NNE,7.62,overcast clouds,10.3,79.8
2021-10-30 10:00:02.332528,29.54,74.68,1012.14,9.24,5.72,NNE,6.82,overcast clouds,10.3,79.8
2021-10-30 11:00:06.329806,29.95,72.85,1011.63,13.5,5.82,NE,6.78,overcast clouds,10.3,79.8
2021-10-30 12:00:02.308806,30.07,72.96,1010.8,20.42,5.41,NE,6.49,overcast clouds,10.3,79.8
2021-10-30 13:00:02.705713,29.81,72.77,1009.7,29.62,5.44,NE,6.68,overcast clouds,10.3,79.8
2021-10-30 14:00:02.333512,29.95,75.69,1008.84,36.76,5.44,NE,6.68,light rain,10.3,79.8
2021-10-30 15:00:03.610133,29.93,75.94,1008.4,40.49,4.46,ENE,6.78,light rain,10.3,79.8
2021-10-30 16:00:02.478600,29.73,77.83,1008.02,43.65,3.89,ENE,6.41,heavy intensity rain,10.3,79.8
2021-10-30 17:00:03.274387,29.13,81.52,1008.75,37.51,3.4,ENE,5.89,light rain,10.3,79.8
2021-10-30 18:00:02.440596,28.84,82.5,1009.5,31.24,2.79,NE,4.4,light rain,10.3,79.8
2021-10-30 19:00:02.335767,28.98,82.03,1009.81,28.68,2.89,NE,4.65,light rain,10.3,79.8
2021-10-30 20:00:02.371376,29.22,81.14,1010.69,21.37,3.1,NE,5.3,overcast clouds,10.3,79.8
2021-10-30 21:00:02.321960,29.24,80.72,1011.16,17.4,3.16,NNE,5.67,overcast clouds,10.3,79.8
2021-10-30 22:00:02.385877,29.34,80.81,1011.25,16.65,3.1,NNE,5.46,overcast clouds,10.3,79.8
2021-10-30 23:00:02.493451,29.39,80.07,1010.82,20.25,3.09,NNE,5.57,overcast clouds,10.3,79.8
2021-10-31 00:00:02.367019,29.36,79.97,1010.32,24.42,3.02,N,5.83,light rain,10.3,79.8
2021-10-31 01:00:02.409691,29.41,79.86,1009.47,31.52,3.09,N,5.44,overcast clouds,10.3,79.8
2021-10-31 02:00:06.440206,29.45,79.58,1008.81,37.06,2.97,N,6.17,overcast clouds,10.3,79.8
2021-10-31 03:00:02.374097,29.18,75.03,1008.9,36.28,2.86,N,5.9,overcast clouds,10.3,79.8
2021-10-31 04:00:02.419850,29.19,74.5,1009.13,34.37,3.79,N,7.67,overcast clouds,10.3,79.8
2021-10-31 05:00:02.407391,29.2,74.81,1009.7,29.57,4.66,N,9.13,moderate rain,10.3,79.8
2021-10-31 06:00:02.515190,28.33,75.72,1009.89,28.02,4.51,N,9.09,overcast clouds,10.3,79.8
2021-10-31 07:00:02.391809,28.08,76.96,1009.45,31.68,4.74,N,8.85,moderate rain,10.3,79.8
2021-10-31 08:00:06.436720,27.89,78.51,1010.12,26.1,5.45,N,8.44,heavy intensity rain,10.3,79.8
2021-10-31 09:00:08.167289,28.15,79.23,1010.77,20.66,4.77,NNW,8.17,overcast clouds,10.3,79.8
2021-10-31 10:00:02.420512,27.68,84.22,1011.18,17.27,4.64,N,8.08,overcast clouds,10.3,79.8
2021-10-31 11:29:00.752985,27.76,84.54,1010.98,18.91,5.69,N,8.02,light rain,10.3,79.8
2021-10-31 12:00:02.555210,28.0,84.19,1010.22,25.26,6.31,NNE,9.36,light rain,10.3,79.8
2021-10-31 13:00:04.975967,28.5,82.06,1008.8,37.1,6.39,NNE,9.4,light rain,10.3,79.8
2021-10-31 14:00:05.921523,28.41,81.7,1008.33,41.04,6.3,NNE,9.85,overcast clouds,10.3,79.8
2021-10-31 15:00:02.389487,28.58,79.5,1007.52,47.81,6.05,NNE,9.34,light rain,10.3,79.8
2021-10-31 16:00:07.811404,28.58,78.29,1007.28,49.86,5.68,N,9.16,overcast clouds,10.3,79.8
2021-10-31 17:00:02.369203,28.36,74.73,1008.2,42.13,5.17,N,9.54,overcast clouds,10.3,79.8
2021-10-31 18:00:02.381838,28.29,75.85,1008.86,36.59,4.59,N,9.93,overcast clouds,10.3,79.8
2021-10-31 19:00:02.195755,28.4,75.04,1009.55,30.82,4.89,N,10.19,overcast clouds,10.3,79.8
2021-10-31 20:00:02.246964,28.69,74.58,1010.44,23.42,4.58,N,9.97,overcast clouds,10.3,79.8
2021-10-31 21:00:02.364113,28.59,74.08,1010.87,19.84,4.6,N,10.11,overcast clouds,10.3,79.8
2021-10-31 22:00:03.148589,28.54,74.84,1010.65,21.65,4.31,N,9.78,overcast clouds,10.3,79.8
2021-10-31 23:00:02.264372,28.58,74.57,1009.86,28.23,4.41,N,10.02,moderate rain,10.3,79.8
2021-11-01 00:00:02.265950,28.6,75.71,1010.06,26.62,4.7,N,10.13,heavy intensity rain,10.3,79.8
2021-11-01 01:00:02.227113,28.08,77.0,1009.33,32.68,5.22,N,10.17,moderate rain,10.3,79.8
2021-11-01 02:00:02.285054,27.9,77.68,1007.42,48.62,5.64,N,10.32,light rain,10.3,79.8
2021-11-01 03:00:02.315779,28.21,77.27,1007.79,45.55,5.11,N,9.63,light rain,10.3,79.8
2021-11-01 04:00:04.167833,27.75,76.7,1007.44,48.51,5.51,N,10.06,overcast clouds,10.3,79.8
2021-11-01 05:00:02.265580,27.39,75.49,1008.1,42.98,5.02,N,9.25,overcast clouds,10.3,79.8
2021-11-01 06:00:02.261121,27.92,74.38,1008.63,38.5,4.68,N,9.13,overcast clouds,10.3,79.8
2021-11-01 07:00:02.189187,27.71,76.56,1008.9,36.26,5.15,NNW,8.89,overcast clouds,10.3,79.8
2021-11-01 08:00:02.398617,27.4,79.89,1009.87,28.17,6.34,N,8.64,overcast clouds,10.3,79.8
2021-11-01 09:00:06.805697,27.53,80.91,1010.76,20.77,6.26,N,7.35,light rain,10.3,79.8
2021-11-01 10:00:02.260337,28.24,80.32,1010.49,23.01,5.54,N,6.23,light rain,10.3,79.8
2021-11-01 11:00:05.235996,28.78,79.14,1009.81,28.7,4.6,N,5.18,overcast clouds,10.3,79.8
2021-11-01 12:00:05.046949,28.72,79.7,1009.21,33.78,4.01,NNE,4.87,overcast clouds,10.3,79.8
2021-11-01 13:00:04.261508,28.23,81.58,1008.07,43.22,3.08,NNE,3.85,overcast clouds,10.3,79.8
2021-11-01 14:00:03.104090,28.66,79.22,1006.93,52.76,3.23,NNE,3.94,overcast clouds,10.3,79.8
2021-11-01 15:00:02.288286,28.82,79.58,1006.07,59.95,3.55,NNE,4.46,overcast clouds,10.3,79.8
2021-11-01 16:00:01.771416,29.01,78.14,1005.83,61.96,2.67,NNE,3.88,moderate rain,10.3,79.8
2021-11-01 17:00:02.219978,28.83,81.17,1006.78,54.0,2.41,NE,3.86,overcast clouds,10.3,79.8
2021-11-01 18:00:02.234265,28.92,79.46,1007.47,48.24,2.9,NE,4.15,overcast clouds,10.3,79.8
2021-11-01 19:00:02.291654,28.4,80.7,1008.48,39.77,3.27,NNE,5.57,overcast clouds,10.3,79.8
2021-11-01 20:00:02.303184,28.21,82.48,1009.48,31.43,3.29,NNE,5.93,overcast clouds,10.3,79.8
2021-11-01 21:00:02.486341,27.92,81.75,1010.11,26.18,3.42,NNE,6.24,overcast clouds,10.3,79.8
2021-11-01 22:00:03.309770,28.38,78.65,1009.92,27.72,3.07,N,5.7,overcast clouds,10.3,79.8
2021-11-01 23:00:04.841888,28.56,78.71,1009.68,29.74,2.54,N,4.42,moderate rain,10.3,79.8
2021-11-02 00:00:02.236291,28.62,78.83,1009.69,29.69,3.0,NNE,5.01,light rain,10.3,79.8
2021-11-02 01:00:04.369713,28.64,78.57,1008.65,38.39,3.19,NNE,5.18,overcast clouds,10.3,79.8
2021-11-02 02:00:05.262251,28.55,78.64,1007.85,45.05,3.09,N,4.95,moderate rain,10.3,79.8
2021-11-02 03:00:03.559296,28.58,78.57,1007.47,48.21,3.27,N,5.22,overcast clouds,10.3,79.8
2021-11-02 04:00:02.263125,28.57,78.38,1007.16,50.83,3.36,N,5.68,heavy intensity rain,10.3,79.8
2021-11-02 05:00:04.632082,28.56,77.82,1007.27,49.9,3.42,N,5.9,heavy intensity rain,10.3,79.8
2021-11-02 06:00:02.283803,28.37,78.01,1008.44,40.1,3.59,NNW,6.1,overcast clouds,10.3,79.8
2021-11-02 07:00:04.448986,28.32,78.98,1009.73,29.36,4.37,N,6.12,light rain,10.3,79.8
2021-11-02 08:00:02.303936,28.25,81.0,1010.06,26.63,4.37,N,6.12,overcast clouds,10.3,79.8
2021-11-02 09:00:05.637224,28.48,79.91,1010.44,23.42,4.93,NNE,5.63,overcast clouds,10.3,79.8
2021-11-02 10:00:02.248966,28.66,79.49,1010.2,25.39,4.33,NNE,4.85,moderate rain,10.3,79.8
2021-11-02 11:00:05.738355,28.89,77.77,1009.53,30.99,4.14,NE,4.62,light rain,10.3,79.8
2021-11-02 12:00:02.179738,29.45,76.48,1008.63,38.57,5.25,NE,5.97,overcast clouds,10.3,79.8
2021-11-02 13:00:02.277197,29.57,77.85,1007.81,45.4,5.64,NE,6.32,overcast clouds,10.3,79.8
2021-11-02 14:00:02.274591,30.03,76.46,1006.77,54.11,5.76,ENE,6.66,overcast clouds,10.3,79.8
2021-11-02 15:00:02.274581,30.19,75.51,1006.2,58.88,5.67,ENE,6.77,overcast clouds,10.3,79.8
2021-11-02 16:00:01.747711,30.89,71.87,1006.29,58.13,5.44,NE,7.16,overcast clouds,10.3,79.8
2021-11-02 17:00:02.273176,30.0,74.37,1006.71,54.62,5.15,NE,8.04,overcast clouds,10.3,79.8
2021-11-02 18:00:05.993589,29.73,76.21,1007.24,50.13,4.36,NE,7.67,overcast clouds,10.3,79.8
2021-11-02 19:00:02.256925,29.4,75.88,1008.14,42.6,4.32,NE,8.01,overcast clouds,10.3,79.8
2021-11-02 20:00:02.218681,29.18,77.2,1009.74,29.28,3.84,NE,7.42,overcast clouds,10.3,79.8
2021-11-02 21:00:02.301365,29.22,77.41,1009.98,27.26,3.53,NE,6.8,overcast clouds,10.3,79.8
2021-11-02 22:00:02.371105,29.17,79.01,1010.67,21.5,3.33,NE,6.4,overcast clouds,10.3,79.8
2021-11-02 23:00:02.317148,28.95,78.32,1009.88,28.07,3.12,NE,6.03,overcast clouds,10.3,79.8
2021-11-03 00:00:03.767021,28.94,77.71,1010.07,26.51,3.22,NE,5.87,light rain,10.3,79.8
2021-11-03 01:00:02.743227,29.07,78.14,1008.85,36.67,3.03,ENE,5.06,overcast clouds,10.3,79.8
2021-11-03 02:00:03.864167,29.03,78.41,1007.86,45.08,3.25,ENE,4.9,overcast clouds,10.3,79.8
2021-11-03 03:00:02.605700,28.79,78.8,1007.67,46.55,3.41,NE,4.94,overcast clouds,10.3,79.8
2021-11-03 04:00:03.525162,28.58,79.53,1007.65,46.74,3.44,NNE,5.07,overcast clouds,10.3,79.8
2021-11-03 05:00:04.252868,28.76,78.62,1008.22,41.94,3.35,NNE,4.92,overcast clouds,10.3,79.8
2021-11-03 06:00:03.898568,28.35,78.33,1009.22,33.63,3.06,N,4.58,overcast clouds,10.3,79.8
2021-11-03 07:00:02.317998,27.19,81.18,1010.62,21.89,3.32,N,5.08,moderate rain,10.3,79.8
2021-11-03 08:00:02.314434,27.22,80.65,1011.23,16.8,4.1,N,6.26,heavy intensity rain,10.3,79.8
2021-11-03 09:00:02.268427,27.1,81.01,1011.64,13.4,4.74,NNE,6.89,heavy intensity rain,10.3,79.8
2021-11-03 10:00:02.170172,27.16,81.33,1011.35,15.82,5.18,NNE,7.17,heavy intensity rain,10.3,79.8
2021-11-03 11:00:02.285848,27.43,82.92,1011.06,18.29,5.93,NE,7.25,moderate rain,10.3,79.8
2021-11-03 12:00:02.371316,27.89,80.24,1009.98,27.3,6.86,NNE,8.71,overcast clouds,10.3,79.8
2021-11-03 13:00:02.248982,27.88,81.61,1008.64,38.47,6.52,NE,8.17,overcast clouds,10.3,79.8
2021-11-03 14:00:02.222776,28.13,80.27,1007.26,49.96,6.24,NE,8.2,overcast clouds,10.3,79.8
2021-11-03 15:00:05.008757,28.43,79.77,1006.71,54.57,6.06,NE,7.93,moderate rain,10.3,79.8
2021-11-03 16:00:01.855533,28.65,78.78,1007.28,49.86,5.13,NE,7.61,moderate rain,10.3,79.8
2021-11-03 17:00:04.329212,28.79,77.21,1007.76,45.83,4.24,NE,7.43,light rain,10.3,79.8
2021-11-03 18:00:02.525745,28.52,78.23,1008.32,41.11,3.7,NNE,6.84,overcast clouds,10.3,79.8
2021-11-03 19:00:06.551922,28.48,79.39,1008.88,36.46,3.6,N,6.97,overcast clouds,10.3,79.8
2021-11-03 20:00:02.333769,28.55,79.04,1009.8,28.75,3.27,N,6.51,light rain,10.3,79.8
2021-11-03 21:00:03.738985,28.33,78.65,1010.84,20.05,2.99,N,5.67,overcast clouds,10.3,79.8
2021-11-03 22:00:02.267603,28.69,77.79,1011.13,17.7,3.16,N,5.5,overcast clouds,10.3,79.8
2021-11-03 23:00:02.345458,28.77,77.07,1010.57,22.33,3.37,N,5.66,overcast clouds,10.3,79.8
2021-11-04 00:00:02.303736,28.52,77.91,1009.55,30.89,3.38,N,5.83,overcast clouds,10.3,79.8
2021-11-04 01:00:02.249229,28.44,77.84,1009.07,34.85,3.39,N,5.77,overcast clouds,10.3,79.8
2021-11-04 02:00:02.431900,28.34,77.47,1008.83,36.88,3.09,NNW,4.99,light rain,10.3,79.8
2021-11-04 03:00:02.311350,28.25,78.02,1008.73,37.69,2.38,NNW,4.15,light rain,10.3,79.8
2021-11-04 04:00:02.312249,28.18,78.11,1008.32,41.17,1.87,NNW,2.89,overcast clouds,10.3,79.8
2021-11-04 06:00:02.254327,27.26,81.37,1009.47,31.49,2.2,NW,2.77,overcast clouds,10.3,79.8
2021-11-04 07:00:02.275682,27.11,82.95,1010.56,22.41,2.43,NW,3.23,overcast clouds,10.3,79.8
2021-11-04 08:00:02.507191,27.61,81.05,1011.15,17.53,2.71,NW,3.81,light rain,10.3,79.8
2021-11-04 09:00:02.385833,27.78,79.43,1010.78,20.6,3.26,NW,4.38,light rain,10.3,79.8
2021-11-04 10:00:06.777878,27.32,82.31,1010.44,23.44,3.26,NW,4.38,light rain,10.3,79.8
2021-11-04 11:00:03.046432,27.52,82.12,1010.67,21.54,3.22,NNW,3.93,moderate rain,10.3,79.8
2021-11-04 12:00:02.382380,27.67,82.96,1010.04,26.74,3.75,N,4.23,moderate rain,10.3,79.8
2021-11-04 13:00:02.343239,27.9,81.66,1009.25,33.37,3.28,N,3.54,moderate rain,10.3,79.8
2021-11-04 14:00:02.264186,28.26,80.78,1008.08,43.13,2.55,N,2.79,moderate rain,10.3,79.8
2021-11-04 15:00:04.664579,28.4,78.59,1007.12,51.2,2.09,N,2.47,light rain,10.3,79.8
2021-11-04 16:00:01.806087,28.65,75.29,1007.04,51.84,2.09,N,2.47,overcast clouds,10.3,79.8
2021-11-04 17:00:07.889895,28.54,76.91,1007.4,48.79,1.45,N,1.95,overcast clouds,10.3,79.8
2021-11-04 18:00:02.720159,28.09,80.52,1007.82,45.31,0.99,WNW,1.24,overcast clouds,10.3,79.8
2021-11-04 19:00:02.329982,28.05,81.64,1008.86,36.65,1.04,WNW,1.19,overcast clouds,10.3,79.8
2021-11-04 20:00:02.529463,27.76,83.68,1010.39,23.87,1.23,NNW,1.33,overcast clouds,10.3,79.8
2021-11-04 21:00:04.591476,27.74,83.4,1010.71,21.17,1.08,NNE,1.22,overcast clouds,10.3,79.8
2021-11-04 22:00:02.344843,28.23,81.66,1011.04,18.38,1.23,N,1.4,overcast clouds,10.3,79.8
2021-11-04 23:00:02.335493,28.36,81.56,1010.73,21.04,1.33,NNW,1.47,overcast clouds,10.3,79.8
2021-11-05 00:00:02.309659,28.41,81.44,1010.28,24.74,1.3,NNW,1.48,overcast clouds,10.3,79.8
2021-11-05 01:00:02.374696,28.42,81.11,1009.72,29.42,0.83,NW,0.87,light rain,10.3,79.8
2021-11-05 02:00:02.327055,28.43,80.59,1008.87,36.56,1.31,W,1.44,overcast clouds,10.3,79.8
2021-11-05 03:00:02.335933,28.37,80.67,1008.25,41.71,1.94,WNW,2.25,overcast clouds,10.3,79.8
2021-11-05 04:00:02.270445,28.38,80.03,1008.04,43.48,2.39,NW,3.02,moderate rain,10.3,79.8
2021-11-05 05:00:02.312962,28.31,79.78,1008.31,41.19,2.49,NW,3.32,moderate rain,10.3,79.8
2021-11-05 06:00:02.302589,27.44,80.94,1009.01,35.36,1.32,NNW,1.47,overcast clouds,10.3,79.8
2021-11-05 07:00:02.279143,27.5,81.9,1009.99,27.18,0.87,NW,1.26,overcast clouds,10.3,79.8
2021-11-05 08:00:02.372699,27.84,81.23,1010.76,20.73,0.87,NW,1.26,overcast clouds,10.3,79.8
2021-11-05 09:00:02.302679,28.34,80.12,1011.25,16.7,1.36,W,1.3,overcast clouds,10.3,79.8
2021-11-05 10:00:02.325447,28.54,77.1,1011.0,18.72,1.5,WSW,1.4,overcast clouds,10.3,79.8
2021-11-05 11:00:02.297500,28.88,75.89,1010.38,23.89,1.5,WSW,1.4,overcast clouds,10.3,79.8
2021-11-05 12:00:02.349244,28.93,78.71,1009.3,32.92,1.27,WSW,1.72,overcast clouds,10.3,79.8
2021-11-05 13:00:02.226287,28.76,78.73,1008.16,42.51,1.63,SSW,2.02,broken clouds,10.3,79.8
2021-11-05 14:00:02.229005,28.84,81.47,1007.05,51.78,2.87,S,2.75,broken clouds,10.3,79.8
2021-11-05 15:00:02.284074,28.82,81.65,1006.54,56.0,3.76,S,3.57,broken clouds,10.3,79.8
2021-11-05 16:00:01.762640,29.07,80.68,1006.2,58.88,3.76,S,3.57,broken clouds,10.3,79.8
2021-11-05 17:00:02.269276,29.24,78.08,1006.72,54.54,2.81,SSE,3.62,broken clouds,10.3,79.8
2021-11-05 18:00:02.276947,29.29,79.68,1007.5,47.96,2.91,SSE,3.87,overcast clouds,10.3,79.8
2021-11-05 19:00:03.322642,28.64,82.11,1008.57,39.01,2.91,SSE,3.87,overcast clouds,10.3,79.8
2021-11-05 20:00:06.409280,28.2,83.58,1009.1,34.58,2.7,S,4.11,overcast clouds,10.3,79.8
2021-11-05 21:00:06.521149,28.78,79.45,1010.62,21.93,2.74,S,4.17,overcast clouds,10.3,79.8
2021-11-05 22:00:02.837510,28.52,78.29,1009.58,30.57,2.71,S,4.33,overcast clouds,10.3,79.8
2021-11-05 23:00:02.266602,28.49,79.51,1008.5,39.64,2.74,SSW,4.27,overcast clouds,10.3,79.8
2021-11-06 00:00:02.285518,28.55,78.64,1008.81,37.02,2.7,SW,4.14,overcast clouds,10.3,79.8
2021-11-06 01:00:02.226760,28.43,79.6,1008.89,36.36,3.12,SW,5.14,overcast clouds,10.3,79.8
2021-11-06 02:00:02.348087,28.38,79.35,1007.67,46.55,2.91,WSW,4.42,overcast clouds,10.3,79.8
2021-11-06 03:00:02.369274,28.36,78.81,1007.16,50.79,3.01,W,4.81,overcast clouds,10.3,79.8
2021-11-06 04:00:02.399338,28.3,78.13,1007.02,52.03,3.09,WNW,4.84,overcast clouds,10.3,79.8
2021-11-06 05:00:02.265512,28.22,77.58,1007.1,51.3,2.69,NW,4.43,light rain,10.3,79.8
2021-11-06 06:00:02.282786,28.22,77.68,1007.97,44.04,2.55,NW,4.11,overcast clouds,10.3,79.8
2021-11-06 07:00:02.246788,27.88,78.77,1008.56,39.16,2.6,NNW,4.09,moderate rain,10.3,79.8
2021-11-06 08:00:02.748551,28.2,78.61,1009.32,32.75,2.6,NNW,4.09,overcast clouds,10.3,79.8
2021-11-06 09:00:02.301621,28.21,78.05,1009.86,28.26,3.51,NNW,4.09,overcast clouds,10.3,79.8
2021-11-06 10:00:02.304686,28.58,75.37,1009.68,29.76,3.56,NNW,3.88,overcast clouds,10.3,79.8
2021-11-06 11:00:02.339219,28.83,75.81,1008.82,36.93,3.35,NNW,3.83,overcast clouds,10.3,79.8
2021-11-06 12:00:02.355825,29.03,75.4,1007.68,46.47,2.81,N,3.36,overcast clouds,10.3,79.8
2021-11-06 13:00:02.300181,29.49,73.71,1006.75,54.25,2.62,N,3.06,overcast clouds,10.3,79.8
2021-11-06 14:00:02.273403,29.56,75.93,1005.78,62.4,2.33,NNE,2.81,overcast clouds,10.3,79.8
2021-11-06 15:00:02.304547,29.55,78.82,1004.83,70.32,2.39,NNE,2.87,overcast clouds,10.3,79.8
2021-11-06 16:00:01.840548,29.73,77.48,1004.59,72.39,2.58,NNE,3.55,overcast clouds,10.3,79.8
2021-11-06 17:00:02.504324,29.9,78.74,1004.84,70.21,2.68,NNE,4.32,overcast clouds,10.3,79.8
2021-11-06 18:00:02.450236,29.31,79.88,1005.69,63.13,1.78,NE,1.97,overcast clouds,10.3,79.8
2021-11-06 19:00:07.000987,28.96,80.81,1006.72,54.52,1.82,NE,1.99,overcast clouds,10.3,79.8
2021-11-06 20:00:02.311719,28.86,81.45,1007.68,46.48,2.08,NNE,2.3,overcast clouds,10.3,79.8
2021-11-06 21:00:08.569852,29.0,80.42,1008.23,41.84,2.59,NNE,3.13,overcast clouds,10.3,79.8
2021-11-06 22:00:06.986602,28.94,77.29,1008.39,40.53,2.94,NNE,4.31,overcast clouds,10.3,79.8
2021-11-06 23:00:02.307162,28.81,77.55,1008.41,40.35,2.11,NNE,3.63,light rain,10.3,79.8
2021-11-07 10:00:02.380885,28.13,80.82,1009.13,34.35,4.09,NW,4.34,overcast clouds,10.3,79.8
2021-11-07 11:00:02.351864,28.64,78.41,1008.63,38.5,3.13,NNW,4.37,overcast clouds,10.3,79.8
2021-11-07 12:00:02.315242,28.86,77.47,1007.58,47.32,4.74,NW,5.38,overcast clouds,10.3,79.8
2021-11-07 13:00:02.331451,29.28,75.31,1006.41,57.11,4.08,NNW,4.97,overcast clouds,10.3,79.8
2021-11-07 14:00:02.278352,29.67,73.66,1005.38,65.77,3.76,NNW,4.55,overcast clouds,10.3,79.8
2021-11-07 15:00:04.048752,29.95,71.92,1004.37,74.16,3.86,N,4.37,overcast clouds,10.3,79.8
2021-11-07 16:00:01.825151,29.92,69.99,1004.42,73.73,3.0,N,4.07,overcast clouds,10.3,79.8
2021-11-07 17:00:02.352072,29.74,70.74,1005.28,66.58,3.46,N,5.25,light rain,10.3,79.8
2021-11-07 18:00:07.449827,29.3,71.13,1006.17,59.09,2.88,N,4.16,overcast clouds,10.3,79.8
2021-11-07 19:00:02.430466,29.07,71.93,1006.93,52.78,4.01,NNE,7.64,overcast clouds,10.3,79.8
2021-11-07 20:00:02.321038,28.76,71.51,1007.74,45.95,4.66,NNE,9.2,broken clouds,10.3,79.8
2021-11-07 21:00:03.691520,28.74,71.82,1008.58,38.93,4.33,N,9.41,broken clouds,10.3,79.8
2021-11-07 22:00:02.294152,28.7,71.47,1008.79,37.21,4.2,N,9.82,overcast clouds,10.3,79.8
2021-11-07 23:00:02.313633,28.86,71.67,1008.84,36.76,4.44,N,10.97,overcast clouds,10.3,79.8
2021-11-08 00:00:02.265825,28.84,70.91,1008.13,42.71,4.63,N,11.0,overcast clouds,10.3,79.8
2021-11-08 01:00:02.401294,28.78,70.49,1007.67,46.52,4.55,N,10.93,light rain,10.3,79.8
2021-11-08 02:00:02.322500,28.76,70.45,1006.73,54.43,4.52,N,10.86,overcast clouds,10.3,79.8
2021-11-08 03:00:02.382253,28.72,70.56,1006.19,58.93,4.6,N,10.61,overcast clouds,10.3,79.8
2021-11-08 04:00:02.979753,28.71,71.85,1006.4,57.16,4.6,N,10.35,overcast clouds,10.3,79.8
2021-11-08 05:00:02.384172,28.65,72.07,1006.51,56.27,4.14,N,9.6,heavy intensity rain,10.3,79.8
2021-11-08 06:00:02.740709,28.59,72.57,1007.52,47.78,5.43,NNW,10.02,overcast clouds,10.3,79.8
2021-11-08 07:00:02.283833,28.58,73.81,1008.61,38.74,5.22,NNW,8.84,very heavy rain,10.3,79.8
2021-11-08 08:00:02.404186,27.34,78.76,1009.79,28.88,4.98,NNW,8.67,overcast clouds,10.3,79.8
2021-11-08 09:00:03.938687,26.86,79.33,1009.73,29.38,4.7,NNW,7.91,overcast clouds,10.3,79.8
2021-11-08 10:00:02.366686,27.69,75.44,1009.7,29.6,4.41,NNW,7.99,overcast clouds,10.3,79.8
2021-11-08 11:00:02.278115,28.25,74.9,1008.84,36.8,4.68,NNW,7.65,overcast clouds,10.3,79.8
2021-11-08 12:00:02.299081,28.51,72.99,1007.94,44.34,5.29,NNW,9.13,overcast clouds,10.3,79.8
2021-11-08 13:00:02.799477,28.8,72.21,1007.2,50.46,5.47,NNW,9.23,overcast clouds,10.3,79.8
2021-11-08 14:00:02.476718,29.0,72.28,1006.82,53.67,5.54,NW,9.39,overcast clouds,10.3,79.8
2021-11-08 15:00:02.259940,28.66,72.85,1006.57,55.73,5.31,NW,9.33,light rain,10.3,79.8
2021-11-08 16:00:01.855651,28.62,73.02,1006.53,56.08,5.46,NNW,9.31,light rain,10.3,79.8
2021-11-08 17:00:02.267461,28.45,72.32,1006.8,53.83,5.39,NNW,10.22,light rain,10.3,79.8
2021-11-09 08:35:55.865294,26.75,76.07,1010.09,26.31,3.56,NNW,10.01,heavy intensity rain,10.3,79.8
2021-11-09 09:00:02.411370,26.49,76.69,1010.56,22.42,3.88,NNW,10.14,overcast clouds,10.3,79.8
2021-11-09 10:00:02.450293,26.34,77.84,1010.69,21.37,4.98,NNW,10.93,heavy intensity rain,10.3,79.8
2021-11-09 11:00:03.009363,26.08,79.04,1010.43,23.49,5.41,NNW,11.23,heavy intensity rain,10.3,79.8
2021-11-09 12:00:03.256108,26.03,79.26,1009.7,29.57,5.65,NNW,10.62,heavy intensity rain,10.3,79.8
2021-11-09 13:00:02.330439,25.73,79.94,1008.45,40.03,6.32,NNW,9.49,heavy intensity rain,10.3,79.8
2021-11-09 14:00:23.813951,25.59,79.76,1006.7,54.71,6.32,NNW,9.49,heavy intensity rain,10.3,79.8
2021-11-09 16:00:02.714591,25.37,80.44,1005.84,61.91,5.38,NNW,9.56,overcast clouds,10.3,79.8
2021-11-09 17:00:02.694944,25.82,80.5,1006.21,58.78,5.4,NNW,10.09,light rain,10.3,79.8
2021-11-09 18:00:02.461744,25.91,80.39,1007.24,50.13,6.14,NW,11.03,moderate rain,10.3,79.8
2021-11-09 19:00:02.749146,26.39,77.59,1008.28,41.46,6.87,NW,11.7,moderate rain,10.3,79.8
2021-11-09 20:00:02.509394,26.73,76.28,1009.85,28.32,6.87,NW,11.7,moderate rain,10.3,79.8
2021-11-09 21:00:02.867655,26.4,76.45,1009.96,27.4,6.28,NW,11.06,moderate rain,10.3,79.8
2021-11-09 22:00:02.521328,26.62,76.02,1009.99,27.21,5.55,NW,10.8,moderate rain,10.3,79.8
2021-11-09 23:00:02.670695,26.74,76.32,1009.85,28.35,5.67,NW,10.07,overcast clouds,10.3,79.8
2021-11-10 00:00:02.609139,26.11,79.22,1009.38,32.26,6.32,WNW,11.0,moderate rain,10.3,79.8
2021-11-10 01:00:02.574653,25.99,79.08,1008.33,41.08,5.88,NW,11.59,heavy intensity rain,10.3,79.8
2021-11-10 02:00:02.510927,25.98,79.22,1007.67,46.53,5.43,NW,10.57,moderate rain,10.3,79.8
2021-11-10 03:00:02.466589,25.93,80.22,1007.44,48.46,6.51,NW,11.91,heavy intensity rain,10.3,79.8
2021-11-10 04:00:02.916205,25.98,79.52,1007.55,47.61,6.4,NW,12.14,moderate rain,10.3,79.8
2021-11-10 05:00:02.553780,26.18,79.0,1008.14,42.61,6.83,WNW,11.96,moderate rain,10.3,79.8
2021-11-10 06:00:02.545764,25.84,79.93,1008.97,35.68,5.29,W,8.62,overcast clouds,10.3,79.8
2021-11-10 07:00:02.435746,25.47,81.81,1009.27,33.17,4.12,WNW,8.08,moderate rain,10.3,79.8
2021-11-10 08:00:02.531439,25.5,81.24,1009.07,34.88,6.65,NW,10.76,light rain,10.3,79.8
2021-11-10 09:00:02.585077,25.75,80.0,1008.89,36.37,6.5,NW,10.52,overcast clouds,10.3,79.8
2021-11-10 10:00:02.560737,26.24,78.84,1008.4,40.47,6.49,NW,10.57,overcast clouds,10.3,79.8
2021-11-10 11:00:03.372174,26.43,77.36,1008.08,43.09,7.23,NW,11.48,overcast clouds,10.3,79.8
2021-11-10 12:00:02.344399,26.52,77.08,1006.97,52.39,6.88,NNW,9.75,overcast clouds,10.3,79.8
2021-11-10 13:00:02.574452,26.97,76.98,1005.65,63.45,6.27,NNW,9.92,overcast clouds,10.3,79.8
2021-11-10 14:00:02.463239,27.46,76.6,1004.54,72.71,6.3,NNW,9.05,light rain,10.3,79.8
2021-11-10 15:00:02.552276,27.52,75.44,1004.02,77.15,6.08,NNW,8.77,overcast clouds,10.3,79.8
2021-11-10 16:00:02.355340,27.3,74.91,1004.23,75.36,5.52,NW,9.47,light rain,10.3,79.8
2021-11-10 17:00:02.448274,27.34,76.73,1004.82,70.45,4.95,NNW,9.23,light rain,10.3,79.8
2021-11-10 18:00:02.561701,27.24,75.56,1005.42,65.41,3.83,NW,7.98,heavy intensity rain,10.3,79.8
2021-11-10 19:00:03.781643,27.36,73.27,1006.32,57.84,3.86,NW,9.14,heavy intensity rain,10.3,79.8
2021-11-10 20:00:02.996355,27.37,74.1,1007.03,51.94,3.86,NW,9.14,overcast clouds,10.3,79.8
2021-11-10 21:00:05.076863,27.25,73.97,1007.58,47.3,4.29,WNW,7.86,overcast clouds,10.3,79.8
2021-11-10 22:00:02.453872,27.33,73.84,1007.74,45.97,3.32,WNW,6.22,overcast clouds,10.3,79.8
2021-11-10 23:00:02.620802,27.38,74.76,1007.4,48.84,3.22,W,6.42,overcast clouds,10.3,79.8
2021-11-11 00:00:02.572317,27.43,75.78,1006.53,56.11,2.69,WNW,5.2,overcast clouds,10.3,79.8
2021-11-11 01:00:04.228950,27.45,76.16,1005.46,65.05,2.96,WNW,5.92,overcast clouds,10.3,79.8
2021-11-11 02:00:02.557268,27.41,76.39,1004.38,74.14,4.27,WNW,8.57,overcast clouds,10.3,79.8
2021-11-11 03:00:02.479954,27.35,76.26,1004.23,75.39,4.22,WNW,9.43,overcast clouds,10.3,79.8
2021-11-11 04:00:04.151314,26.97,75.78,1004.72,71.26,4.19,WNW,10.0,overcast clouds,10.3,79.8
2021-11-11 05:00:02.538921,26.37,76.45,1004.57,72.5,4.13,W,9.68,overcast clouds,10.3,79.8
2021-11-11 06:00:03.610252,26.55,74.65,1005.25,66.82,3.97,WNW,9.54,overcast clouds,10.3,79.8
2021-11-11 07:00:02.554625,26.6,75.63,1006.01,60.41,3.91,W,9.29,overcast clouds,10.3,79.8
2021-11-11 08:00:02.546477,26.81,78.95,1006.04,60.17,3.56,W,7.71,overcast clouds,10.3,79.8
2021-11-11 09:00:04.182888,27.14,80.24,1006.11,59.62,3.92,W,6.79,overcast clouds,10.3,79.8
2021-11-11 10:00:03.389115,28.1,77.72,1005.91,61.32,4.09,W,6.44,overcast clouds,10.3,79.8
2021-11-11 11:00:02.467695,28.14,75.84,1004.97,69.2,4.23,W,5.82,overcast clouds,10.3,79.8
2021-11-11 12:00:02.603611,28.33,74.27,1004.16,75.92,4.3,W,5.74,overcast clouds,10.3,79.8
2021-11-11 13:00:04.226972,28.61,72.22,1002.51,89.6,4.48,W,5.74,overcast clouds,10.3,79.8
2021-11-11 14:00:02.483949,28.65,71.84,1001.56,97.81,4.22,WNW,5.58,overcast clouds,10.3,79.8
2021-11-11 15:00:03.407346,28.78,72.23,1000.96,102.83,4.09,WNW,5.79,overcast clouds,10.3,79.8
2021-11-11 16:00:01.998479,28.9,71.15,1001.25,100.42,3.83,WNW,6.45,overcast clouds,10.3,79.8
2021-11-11 17:00:02.596383,28.78,69.83,1002.16,92.67,2.76,NW,4.84,overcast clouds,10.3,79.8
2021-11-11 18:00:02.563462,184.83,68.29,1002.63,88.83,4.15,WNW,9.38,overcast clouds,10.3,79.8
2021-11-11 19:00:02.977928,28.37,68.52,1003.27,83.43,4.51,NW,10.73,overcast clouds,10.3,79.8
2021-11-11 20:00:02.493189,28.21,70.25,1004.07,76.72,4.22,WNW,10.17,overcast clouds,10.3,79.8
2021-11-11 21:50:50.196674,31.07,64.01,1004.49,73.22,3.6,WNW,9.44,overcast clouds,10.3,79.8
2021-11-11 22:00:02.665004,29.19,70.26,1004.44,73.6,3.6,WNW,9.44,overcast clouds,10.3,79.8
2021-11-11 23:00:02.807778,28.41,74.34,1004.29,74.84,3.82,WNW,9.2,overcast clouds,10.3,79.8
2021-11-12 00:00:09.061352,28.32,72.05,1004.41,73.89,3.56,W,8.74,overcast clouds,10.3,79.8
2021-11-12 01:00:02.474879,28.24,71.49,1003.69,79.89,3.54,WSW,8.72,overcast clouds,10.3,79.8
2021-11-12 02:00:02.567425,28.19,71.29,1003.43,82.08,3.47,W,7.11,moderate rain,10.3,79.8
2021-11-12 03:00:04.153516,28.13,72.02,1003.42,82.2,3.07,W,5.42,light rain,10.3,79.8
2021-11-12 04:00:02.649782,28.07,74.53,1003.34,82.82,2.5,WNW,4.26,overcast clouds,10.3,79.8
2021-11-12 05:00:02.458093,28.0,76.33,1004.08,76.64,2.46,NW,4.85,overcast clouds,10.3,79.8
2021-11-12 06:00:02.487935,27.89,76.0,1004.76,70.89,1.54,NNW,2.94,overcast clouds,10.3,79.8
2021-11-12 07:00:02.446783,27.44,78.42,1005.52,64.58,2.5,NW,5.69,broken clouds,10.3,79.8
2021-11-12 08:00:02.494399,27.16,80.58,1006.31,57.9,3.55,NW,5.83,overcast clouds,10.3,79.8
2021-11-12 09:00:02.889505,27.09,81.48,1006.83,53.61,4.04,WNW,5.21,overcast clouds,10.3,79.8
2021-11-12 10:00:02.485485,27.44,80.57,1006.89,53.08,3.42,WNW,3.67,overcast clouds,10.3,79.8
2021-11-12 11:00:04.260433,27.72,79.19,1006.45,56.74,3.04,W,3.39,overcast clouds,10.3,79.8
2021-11-12 12:00:02.539991,28.07,75.84,1005.41,65.18,3.48,WNW,3.84,overcast clouds,10.3,79.8
2021-11-12 13:00:02.459720,28.47,75.59,1004.4,73.92,2.77,W,3.74,overcast clouds,10.3,79.8
2021-11-12 14:00:02.497108,29.23,74.87,1003.83,78.73,3.05,WSW,3.84,overcast clouds,10.3,79.8
2021-11-12 15:00:02.653739,28.93,73.9,1003.73,79.54,3.17,SW,3.72,overcast clouds,10.3,79.8
2021-11-12 16:00:04.219774,28.81,75.71,1003.96,77.61,3.03,SW,3.85,overcast clouds,10.3,79.8
2021-11-12 17:00:02.527774,28.66,76.89,1004.73,71.15,2.15,SW,3.32,broken clouds,10.3,79.8
2021-11-12 18:00:03.499039,28.38,77.95,1005.44,65.23,1.5,SW,1.85,overcast clouds,10.3,79.8
2021-11-12 19:00:03.575499,28.49,79.01,1006.48,56.5,1.12,WSW,1.53,overcast clouds,10.3,79.8
2021-11-12 20:00:03.330119,27.82,79.63,1007.56,47.46,0.65,WNW,1.3,overcast clouds,10.3,79.8
2021-11-12 21:00:03.677165,27.86,79.62,1007.68,46.51,2.53,W,4.47,overcast clouds,10.3,79.8
2021-11-12 22:00:03.780573,28.45,79.09,1007.63,46.89,2.53,W,4.47,overcast clouds,10.3,79.8
2021-11-12 23:00:04.620725,28.3,78.74,1007.16,50.81,2.99,NW,6.27,overcast clouds,10.3,79.8
2021-11-13 00:00:02.701037,28.24,79.09,1006.62,55.36,2.24,NW,4.73,overcast clouds,10.3,79.8
2021-11-13 01:00:02.854772,28.21,79.53,1006.28,58.16,1.64,W,3.23,overcast clouds,10.3,79.8
2021-11-13 02:00:02.961886,28.19,79.77,1005.76,62.54,1.59,W,2.55,overcast clouds,10.3,79.8
2021-11-13 03:00:03.010989,28.13,80.62,1005.27,66.69,1.84,WNW,2.44,overcast clouds,10.3,79.8
2021-11-13 04:00:03.667243,27.93,81.32,1005.44,65.24,1.75,WNW,2.21,overcast clouds,10.3,79.8
2021-11-13 05:00:02.634539,27.85,81.52,1005.91,61.27,1.77,WNW,2.35,overcast clouds,10.3,79.8
2021-11-13 06:00:03.080225,27.46,83.07,1006.45,56.76,1.78,W,2.53,overcast clouds,10.3,79.8
2021-11-13 07:00:02.678151,27.31,84.42,1007.58,47.33,1.32,WSW,2.07,overcast clouds,10.3,79.8
2021-11-13 08:00:02.731765,27.91,82.94,1008.52,39.45,1.77,SSW,2.81,overcast clouds,10.3,79.8
2021-11-13 09:00:02.927476,28.23,79.71,1008.87,36.55,2.69,S,3.84,broken clouds,10.3,79.8
2021-11-13 10:00:06.311549,28.74,78.47,1008.89,36.37,3.87,SSW,4.37,broken clouds,10.3,79.8
2021-11-13 11:00:02.762161,28.94,77.53,1008.22,41.97,4.06,SSW,4.46,broken clouds,10.3,79.8
2021-11-13 12:00:04.171584,29.26,75.95,1007.1,51.34,3.62,SSW,4.28,broken clouds,10.3,79.8
2021-11-13 13:00:03.031593,29.6,74.63,1006.03,60.3,3.65,SSW,4.42,broken clouds,10.3,79.8
2021-11-13 14:00:08.189162,29.78,73.41,1005.13,67.8,4.43,SSW,4.91,broken clouds,10.3,79.8
2021-11-13 15:00:03.926022,30.11,74.81,1004.58,72.43,4.58,S,5.27,overcast clouds,10.3,79.8
2021-11-13 16:00:02.162808,30.0,76.45,1004.65,71.87,4.58,S,6.62,overcast clouds,10.3,79.8
2021-11-13 17:00:03.383564,29.79,76.36,1005.16,67.61,4.12,S,6.31,light rain,10.3,79.8
2021-11-13 18:00:02.860499,29.48,76.77,1005.86,61.69,4.2,S,6.27,broken clouds,10.3,79.8
2021-11-13 19:00:03.223588,29.37,79.19,1006.67,54.9,5.33,S,8.84,broken clouds,10.3,79.8
2021-11-13 20:00:03.498116,28.66,81.75,1007.57,47.43,5.05,SSW,8.59,broken clouds,10.3,79.8
2021-11-13 21:00:23.899544,29.0,81.97,1008.38,40.62,4.73,SSW,8.07,broken clouds,10.3,79.8
2021-11-13 22:00:03.710007,29.49,79.33,1008.43,40.23,4.28,SSW,7.46,broken clouds,10.3,79.8
2021-11-13 23:00:03.437413,29.56,79.19,1008.05,43.38,3.55,SW,6.29,overcast clouds,10.3,79.8
2021-11-14 00:00:03.400724,29.64,79.12,1008.12,42.77,3.13,SW,5.74,overcast clouds,10.3,79.8
2021-11-14 01:00:03.399902,29.45,80.41,1007.33,49.4,2.82,SW,5.0,overcast clouds,10.3,79.8
2021-11-14 02:00:02.984158,29.33,80.3,1006.32,57.89,2.88,WSW,4.98,overcast clouds,10.3,79.8
2021-11-14 03:00:03.716316,29.22,80.09,1005.95,60.98,2.75,WSW,4.56,overcast clouds,10.3,79.8
2021-11-14 04:00:03.653320,29.22,80.16,1005.97,60.81,2.63,W,4.22,overcast clouds,10.3,79.8
2021-11-14 05:00:02.768684,29.14,80.17,1006.2,58.89,2.17,W,3.11,overcast clouds,10.3,79.8
2021-11-14 06:00:03.482192,29.04,80.79,1007.02,52.0,1.79,W,2.3,overcast clouds,10.3,79.8
2021-11-14 07:00:02.790259,28.61,81.19,1008.14,42.66,1.94,W,2.71,overcast clouds,10.3,79.8
2021-11-14 08:00:02.657785,28.77,80.27,1008.72,37.76,1.07,NNW,1.23,overcast clouds,10.3,79.8
2021-11-14 09:00:02.647685,29.84,76.32,1008.95,35.84,1.03,N,1.14,overcast clouds,10.3,79.8
2021-11-14 10:00:02.736653,30.0,77.11,1009.14,34.27,1.02,S,1.33,overcast clouds,10.3,79.8
2021-11-14 11:00:03.194778,29.95,76.15,1008.46,39.96,2.02,S,2.25,overcast clouds,10.3,79.8
2021-11-14 12:00:02.772607,30.26,73.55,1007.47,48.22,3.26,S,3.78,overcast clouds,10.3,79.8
2021-11-14 13:00:04.377991,30.18,73.88,1006.34,57.65,3.79,S,4.37,overcast clouds,10.3,79.8
2021-11-14 14:00:02.593320,30.09,73.67,1005.4,65.59,3.79,S,4.37,light rain,10.3,79.8
2021-11-14 15:00:02.711350,30.14,77.36,1004.81,70.54,4.9,S,5.32,moderate rain,10.3,79.8
2021-11-14 16:00:02.153039,29.87,77.5,1004.86,70.05,4.56,SSW,7.08,moderate rain,10.3,79.8
2021-11-14 17:00:02.766863,29.82,76.05,1005.29,66.45,3.24,S,5.43,light rain,10.3,79.8
2021-11-14 18:00:03.546614,29.71,76.14,1005.9,61.41,3.92,S,6.17,light rain,10.3,79.8
2021-11-14 19:00:05.508555,29.4,77.23,1006.25,58.45,4.46,S,7.11,moderate rain,10.3,79.8
2021-11-14 20:00:03.667483,29.26,76.99,1007.23,50.15,4.47,S,7.39,overcast clouds,10.3,79.8
2021-11-14 21:00:04.334836,29.22,79.2,1008.33,41.06,4.06,SSW,7.16,overcast clouds,10.3,79.8
2021-11-14 22:00:04.276128,29.41,81.53,1008.23,41.86,3.97,SSW,7.71,overcast clouds,10.3,79.8
2021-11-14 23:00:02.711662,29.39,80.39,1007.83,45.26,4.02,SW,7.72,overcast clouds,10.3,79.8
2021-11-15 00:00:02.742305,29.43,81.43,1007.57,47.37,3.69,SW,7.06,overcast clouds,10.3,79.8
2021-11-15 01:00:04.240993,29.44,81.91,1007.14,51.04,2.99,WSW,5.74,overcast clouds,10.3,79.8
2021-11-15 02:00:04.494789,28.95,76.38,1006.74,54.32,3.06,W,5.74,overcast clouds,10.3,79.8
2021-11-15 03:00:03.335936,28.79,76.26,1005.72,62.84,2.7,WNW,5.13,overcast clouds,10.3,79.8
2021-11-15 04:00:02.792151,28.79,76.96,1005.47,64.97,2.59,NNW,5.02,overcast clouds,10.3,79.8
2021-11-15 05:00:03.675510,28.71,77.18,1006.05,60.14,2.53,NNW,4.87,overcast clouds,10.3,79.8
2021-11-15 06:00:07.398184,28.65,77.74,1006.52,56.18,1.99,NW,3.54,broken clouds,10.3,79.8
2021-11-15 07:00:02.530419,28.28,79.45,1007.28,49.65,2.11,NW,2.91,broken clouds,10.3,79.8
2021-11-15 08:00:03.761498,28.25,79.91,1007.79,45.55,2.6,NW,2.82,broken clouds,10.3,79.8
2021-11-15 09:00:02.694138,28.74,77.85,1007.89,44.76,2.38,WNW,2.38,broken clouds,10.3,79.8
2021-11-15 10:00:02.654000,29.17,77.33,1007.46,48.31,1.6,W,1.83,broken clouds,10.3,79.8
2021-11-15 11:00:04.267591,29.76,75.81,1006.71,54.59,0.93,SW,1.73,broken clouds,10.3,79.8
2021-11-15 12:00:02.651929,29.88,77.59,1005.74,62.72,1.51,SSE,1.82,overcast clouds,10.3,79.8
2021-11-15 13:00:02.770689,30.0,75.0,1004.41,73.89,2.1,SE,1.91,overcast clouds,10.3,79.8
2021-11-15 14:00:02.672324,30.06,74.31,1003.58,80.79,3.18,SE,2.64,overcast clouds,10.3,79.8
2021-11-15 15:00:02.645209,30.57,71.81,1002.54,89.56,3.8,SE,3.45,overcast clouds,10.3,79.8
2021-11-15 16:00:02.154601,30.39,73.38,1002.9,86.54,3.9,SE,4.18,overcast clouds,10.3,79.8
2021-11-15 17:00:02.611400,30.3,74.17,1003.77,79.23,3.29,SE,4.83,overcast clouds,10.3,79.8
2021-11-15 18:00:02.629441,30.23,74.26,1004.43,73.68,3.05,SSE,4.81,broken clouds,10.3,79.8
2021-11-15 19:00:03.631303,29.9,76.05,1005.53,64.51,2.62,SSE,3.84,overcast clouds,10.3,79.8
2021-11-15 20:00:03.029397,29.49,79.79,1006.29,58.15,2.5,SSE,3.61,overcast clouds,10.3,79.8
2021-11-15 21:00:03.008087,29.98,78.61,1006.83,53.55,2.44,S,3.6,light rain,10.3,79.8
2021-11-15 22:00:04.499126,29.83,79.47,1007.15,50.89,2.44,S,3.6,moderate rain,10.3,79.8
2021-11-15 23:00:04.343067,29.8,80.92,1006.62,55.33,3.1,WSW,4.24,moderate rain,10.3,79.8
2021-11-16 00:00:02.676873,29.79,80.89,1005.84,61.9,2.81,W,3.7,overcast clouds,10.3,79.8
2021-11-16 01:00:02.648374,29.75,80.24,1005.1,68.05,2.29,WNW,3.2,overcast clouds,10.3,79.8
2021-11-16 02:00:04.390398,29.66,79.26,1004.63,72.04,1.81,NW,2.48,overcast clouds,10.3,79.8
2021-11-16 03:00:04.450288,29.55,78.68,1004.04,76.93,1.59,NNW,1.77,overcast clouds,10.3,79.8
2021-11-16 04:00:04.091269,29.45,78.79,1004.26,75.09,1.72,NW,1.88,overcast clouds,10.3,79.8
2021-11-16 05:00:03.942721,29.35,78.3,1004.8,70.6,1.89,NW,2.08,overcast clouds,10.3,79.8
2021-11-16 06:00:02.639529,29.16,78.75,1005.46,65.05,1.87,NW,2.17,overcast clouds,10.3,79.8
2021-11-16 07:00:02.714772,28.97,79.84,1006.36,57.56,1.65,NNW,1.81,overcast clouds,10.3,79.8
2021-11-16 08:00:04.325828,28.58,81.95,1007.26,49.99,1.92,N,1.55,overcast clouds,10.3,79.8
2021-11-16 09:00:02.641839,28.7,82.26,1007.89,44.74,1.73,N,1.2,overcast clouds,10.3,79.8
2021-11-16 10:00:03.307454,29.35,79.92,1008.0,43.82,2.51,NW,2.88,overcast clouds,10.3,79.8
2021-11-16 11:00:04.322642,29.62,78.12,1007.26,49.98,2.52,NW,2.45,overcast clouds,10.3,79.8
2021-11-16 12:00:02.639134,29.47,79.47,1006.33,57.81,1.65,NNW,1.82,overcast clouds,10.3,79.8
2021-11-16 13:00:03.107518,29.42,78.94,1005.72,62.88,0.67,SSW,1.14,overcast clouds,10.3,79.8
2021-11-16 14:00:03.523532,29.72,80.28,1004.4,73.9,1.04,SE,1.03,overcast clouds,10.3,79.8
2021-11-16 15:00:04.016806,29.55,78.65,1003.99,77.42,1.7,ESE,1.43,overcast clouds,10.3,79.8
2021-11-16 16:00:02.456152,29.52,78.36,1004.16,75.98,2.1,ESE,2.12,light rain,10.3,79.8
2021-11-16 17:00:03.049569,29.54,78.09,1004.37,74.17,2.26,SE,3.14,overcast clouds,10.3,79.8
2021-11-16 18:00:06.281935,29.56,78.01,1005.24,66.87,2.58,SE,3.35,overcast clouds,10.3,79.8
2021-11-16 19:00:05.040992,29.64,77.73,1006.43,56.94,2.5,SE,3.5,overcast clouds,10.3,79.8
2021-11-16 20:00:03.215291,28.88,81.83,1007.38,49.02,2.25,SE,3.05,overcast clouds,10.3,79.8
2021-11-16 21:00:03.668339,29.1,81.29,1007.95,44.18,2.11,SE,2.91,overcast clouds,10.3,79.8
2021-11-16 22:00:02.912040,29.21,81.44,1008.16,42.5,1.88,SE,2.28,overcast clouds,10.3,79.8
2021-11-16 23:00:03.707998,29.46,81.14,1007.97,44.06,1.47,SE,1.79,overcast clouds,10.3,79.8
2021-11-17 00:00:02.982437,29.45,80.97,1007.43,48.57,1.1,ESE,1.35,broken clouds,10.3,79.8
2021-11-17 01:00:02.869986,29.48,80.78,1007.27,49.89,1.22,E,1.48,broken clouds,10.3,79.8
2021-11-17 02:00:02.939511,29.45,80.63,1006.69,54.79,1.65,NE,1.73,overcast clouds,10.3,79.8
2021-11-17 03:00:03.015853,29.47,80.37,1006.1,59.69,2.11,N,2.42,broken clouds,10.3,79.8
2021-11-17 04:00:04.692629,29.34,80.8,1006.2,58.86,2.48,N,2.95,broken clouds,10.3,79.8
2021-11-17 05:00:03.005007,29.31,81.17,1006.28,58.15,2.6,NNW,3.33,broken clouds,10.3,79.8
2021-11-17 06:00:03.034218,29.22,81.34,1007.04,51.82,2.71,NNW,3.66,broken clouds,10.3,79.8
2021-11-17 07:00:02.952421,28.89,82.57,1008.01,43.68,3.2,NNW,3.97,broken clouds,10.3,79.8
2021-11-17 08:00:03.003414,28.71,83.42,1009.01,35.37,3.56,NNW,3.98,broken clouds,10.3,79.8
2021-11-17 09:00:05.213870,28.98,82.06,1009.0,35.46,3.53,NNW,3.54,broken clouds,10.3,79.8
2021-11-17 10:00:03.006562,29.34,80.15,1008.96,35.74,3.24,NNW,3.41,moderate rain,10.3,79.8
2021-11-17 11:00:02.971461,29.64,77.96,1008.85,36.66,3.18,N,3.41,broken clouds,10.3,79.8
2021-11-17 12:00:03.175018,29.77,75.3,1007.83,45.19,3.55,NNE,3.68,heavy intensity rain,10.3,79.8
2021-11-17 13:00:06.953952,29.69,73.35,1007.22,50.34,4.2,NNE,4.36,moderate rain,10.3,79.8
2021-11-17 14:00:04.382047,29.87,75.22,1006.28,58.23,4.39,NE,4.64,light rain,10.3,79.8
2021-11-17 15:00:07.455987,31.01,67.49,1005.84,61.86,4.5,NE,5.46,light rain,10.3,79.8
2021-11-17 16:00:04.172566,29.29,72.64,1006.39,57.26,4.26,NE,6.51,heavy intensity rain,10.3,79.8
2021-11-17 17:00:02.860316,29.23,73.59,1006.94,52.63,4.36,NE,7.39,overcast clouds,10.3,79.8
2021-11-17 18:00:02.967324,28.62,77.22,1007.51,47.88,4.08,NE,8.06,broken clouds,10.3,79.8
2021-11-17 19:00:03.655837,27.95,77.51,1007.27,49.94,3.52,NE,7.68,overcast clouds,10.3,79.8
2021-11-17 20:00:03.005156,27.7,78.42,1008.33,41.06,2.37,NE,5.09,light rain,10.3,79.8
2021-11-17 21:00:03.896047,28.12,78.7,1009.48,31.58,1.8,NNE,2.58,moderate rain,10.3,79.8
2021-11-17 22:00:03.388285,28.28,78.34,1009.03,35.22,1.72,N,2.17,moderate rain,10.3,79.8
2021-11-17 23:00:03.007881,28.53,76.92,1009.49,31.36,1.72,N,2.17,moderate rain,10.3,79.8
2021-11-18 00:00:02.948145,28.43,78.05,1009.41,31.98,3.35,W,4.69,heavy intensity rain,10.3,79.8
2021-11-18 01:00:02.954550,28.34,78.51,1008.01,43.71,3.39,W,5.66,heavy intensity rain,10.3,79.8
2021-11-18 02:00:03.097968,27.94,79.77,1006.91,52.91,3.39,W,5.66,heavy intensity rain,10.3,79.8
2021-11-18 03:00:03.061021,28.49,78.55,1006.25,58.48,3.57,NNW,5.74,moderate rain,10.3,79.8
2021-11-18 04:00:02.980326,28.34,77.36,1005.7,63.02,3.57,NNW,5.74,moderate rain,10.3,79.8
2021-11-18 05:00:02.964876,28.0,76.13,1004.82,70.46,3.93,N,7.68,moderate rain,10.3,79.8
2021-11-18 06:00:03.577431,27.59,76.59,1004.88,69.89,4.83,NW,8.89,overcast clouds,10.3,79.8
2021-11-18 07:00:03.440787,27.42,77.92,1004.53,72.87,4.06,NW,8.27,moderate rain,10.3,79.8
2021-11-18 08:00:02.958865,27.14,74.96,1005.27,66.63,3.72,WNW,7.24,moderate rain,10.3,79.8
2021-11-18 09:00:03.667930,26.47,78.96,1006.66,55.0,4.65,NW,8.28,heavy intensity rain,10.3,79.8
2021-11-18 10:00:02.957362,26.95,78.95,1006.92,52.8,4.65,NW,8.28,heavy intensity rain,10.3,79.8
2021-11-18 11:00:03.254725,26.82,81.24,1005.6,63.87,3.9,NNW,6.3,heavy intensity rain,10.3,79.8
2021-11-18 12:00:03.555298,26.95,81.62,1005.29,66.46,5.58,NNW,7.54,heavy intensity rain,10.3,79.8
2021-11-18 13:00:02.929915,26.9,82.87,1004.8,70.6,4.85,NW,6.2,heavy intensity rain,10.3,79.8
2021-11-18 14:00:02.928955,27.04,82.41,1003.65,80.23,4.41,NW,6.05,heavy intensity rain,10.3,79.8
2021-11-18 15:00:03.550367,28.12,77.66,1002.68,88.33,3.9,NW,6.64,heavy intensity rain,10.3,79.8
2021-11-18 16:00:02.628532,28.33,77.33,1002.59,89.12,3.68,NW,6.91,moderate rain,10.3,79.8
2021-11-18 17:00:04.982509,27.92,78.56,1002.32,91.36,3.56,NW,6.92,light rain,10.3,79.8
2021-11-18 18:00:06.008284,27.98,76.29,1003.05,85.28,5.62,NW,11.32,overcast clouds,10.3,79.8
2021-11-18 19:00:05.393311,27.67,77.71,1003.73,79.6,3.99,NW,10.17,overcast clouds,10.3,79.8
2021-11-18 20:00:03.438325,27.26,79.14,1004.72,71.25,3.38,NW,9.47,overcast clouds,10.3,79.8
2021-11-18 21:00:04.060785,27.77,76.88,1005.33,66.13,3.32,NW,8.24,overcast clouds,10.3,79.8
2021-11-18 22:00:02.945997,27.95,78.23,1005.26,66.7,3.46,NNW,8.69,overcast clouds,10.3,79.8
2021-11-18 23:00:03.025210,28.05,78.99,1004.86,70.12,3.37,NW,9.42,overcast clouds,10.3,79.8
2021-11-19 00:00:03.018959,28.11,79.1,1004.46,73.43,4.07,W,10.95,overcast clouds,10.3,79.8
2021-11-19 01:00:04.634917,28.1,79.7,1003.88,78.27,4.1,WSW,9.87,overcast clouds,10.3,79.8
2021-11-19 02:00:03.057425,28.17,79.32,1002.98,85.88,4.2,WSW,9.53,overcast clouds,10.3,79.8
2021-11-19 03:00:02.989680,28.1,79.56,1002.53,89.61,4.07,WSW,8.46,overcast clouds,10.3,79.8
2021-11-19 04:00:02.924969,28.06,79.47,1002.43,90.45,3.62,WSW,6.64,overcast clouds,10.3,79.8
2021-11-19 05:00:02.981964,27.99,79.6,1002.52,89.72,3.21,WSW,5.6,broken clouds,10.3,79.8
2021-11-19 06:00:02.939831,27.95,79.46,1003.34,82.82,3.11,WSW,5.14,overcast clouds,10.3,79.8
2021-11-19 07:00:02.925273,27.77,81.44,1003.96,77.62,3.08,SW,4.87,broken clouds,10.3,79.8
2021-11-19 08:00:02.994389,27.91,84.0,1004.68,71.6,3.7,SW,4.97,broken clouds,10.3,79.8
2021-11-19 09:00:02.995534,28.24,81.52,1005.16,67.52,4.04,SW,4.97,broken clouds,10.3,79.8
2021-11-19 10:00:03.001184,28.82,78.98,1005.3,66.38,4.04,SW,4.97,broken clouds,10.3,79.8
2021-11-19 11:00:02.929404,29.15,74.58,1004.42,73.8,3.85,SSW,4.7,broken clouds,10.3,79.8
2021-11-19 12:00:02.985420,29.45,76.16,1003.59,80.7,3.63,SSW,3.92,scattered clouds,10.3,79.8
2021-11-19 13:00:02.977402,29.8,74.05,1002.39,90.78,4.56,S,4.59,broken clouds,10.3,79.8
2021-11-19 14:00:02.981004,29.86,75.94,1001.48,98.48,5.16,S,5.09,broken clouds,10.3,79.8
2021-11-19 15:00:04.613678,29.87,75.15,1000.79,104.23,5.71,S,5.61,broken clouds,10.3,79.8
2021-11-19 16:00:02.397497,30.4,72.79,1000.57,106.1,4.88,S,5.35,broken clouds,10.3,79.8
2021-11-19 17:00:05.086364,29.9,75.4,1000.95,102.86,4.88,S,5.35,broken clouds,10.3,79.8
2021-11-19 18:00:02.910972,29.68,76.91,1001.88,95.11,2.76,SSE,3.77,few clouds,10.3,79.8
2021-11-19 19:00:02.889133,30.13,77.2,1002.77,87.58,3.09,SSE,4.29,few clouds,10.3,79.8
2021-11-19 20:00:06.006863,30.07,75.96,1003.62,80.51,2.5,S,3.09,scattered clouds,10.3,79.8
2021-11-19 21:01:35.398331,29.94,77.73,1004.17,75.88,1.61,S,1.86,scattered clouds,10.3,79.8
2021-11-19 22:00:03.970680,30.22,77.59,1004.43,73.67,1.61,S,1.86,scattered clouds,10.3,79.8
2021-11-19 23:00:03.379595,30.02,78.03,1004.37,74.23,2.38,SSE,2.62,broken clouds,10.3,79.8
2021-11-20 00:00:03.698930,29.92,77.64,1004.23,75.35,2.42,SSE,2.95,overcast clouds,10.3,79.8
2021-11-20 01:00:02.975598,29.73,76.33,1003.79,78.98,2.85,S,3.86,moderate rain,10.3,79.8
2021-11-20 02:00:02.997772,29.65,75.62,1003.04,85.33,2.07,SSW,2.47,overcast clouds,10.3,79.8
2021-11-20 03:00:03.094986,29.58,74.99,1002.36,91.06,1.55,SSW,1.9,broken clouds,10.3,79.8
2021-11-20 04:00:02.957173,29.56,74.72,1002.36,91.07,1.38,SW,1.88,broken clouds,10.3,79.8
2021-11-20 05:00:03.026464,29.25,75.15,1003.15,84.41,1.46,WSW,2.15,broken clouds,10.3,79.8
2021-11-20 06:00:03.046730,29.06,75.94,1003.99,77.37,1.83,SW,3.36,overcast clouds,10.3,79.8
2021-11-20 07:00:03.031796,28.73,77.58,1005.18,67.42,1.41,WSW,2.48,overcast clouds,10.3,79.8
2021-11-20 08:00:04.643488,28.81,76.42,1005.93,61.12,1.33,SW,1.99,overcast clouds,10.3,79.8
2021-11-20 09:00:03.016665,29.16,76.04,1006.58,55.67,1.74,SW,2.23,overcast clouds,10.3,79.8
2021-11-20 10:00:05.251341,29.47,75.56,1006.83,53.57,1.99,SW,2.36,overcast clouds,10.3,79.8
2021-11-20 11:00:19.624219,29.94,74.36,1006.38,57.35,2.52,WSW,2.87,overcast clouds,10.3,79.8
2021-11-20 12:00:02.990047,30.43,73.12,1005.12,67.94,2.47,WSW,3.28,broken clouds,10.3,79.8
2021-11-20 13:00:04.649560,30.84,71.04,1004.28,74.97,2.28,WSW,3.32,scattered clouds,10.3,79.8
2021-11-20 14:00:03.901173,30.96,67.36,1003.41,82.23,2.69,SSW,3.43,broken clouds,10.3,79.8
2021-11-20 15:00:02.984568,31.16,72.54,1003.05,85.29,3.08,S,3.54,broken clouds,10.3,79.8
2021-11-20 16:00:02.499890,31.11,73.12,1003.12,84.72,3.72,SSE,3.97,broken clouds,10.3,79.8
2021-11-20 17:00:02.981128,30.92,72.91,1003.61,80.58,3.49,S,4.65,broken clouds,10.3,79.8
2021-11-20 18:00:03.038876,30.72,74.52,1004.6,72.24,3.07,SSE,4.75,overcast clouds,10.3,79.8
2021-11-20 19:00:04.123455,30.06,76.61,1005.5,64.71,3.21,SSE,4.81,overcast clouds,10.3,79.8
2021-11-20 20:00:04.512276,29.9,77.09,1006.69,54.75,3.43,SSE,5.24,overcast clouds,10.3,79.8
2021-11-20 21:00:04.204435,29.84,76.55,1007.29,49.77,3.29,S,5.28,overcast clouds,10.3,79.8
2021-11-20 22:00:03.251227,30.55,74.69,1007.54,47.64,3.29,S,5.16,overcast clouds,10.3,79.8
2021-11-20 23:00:03.854786,30.19,74.49,1007.61,47.05,3.39,S,5.09,overcast clouds,10.3,79.8
2021-11-21 00:00:03.002407,30.17,75.03,1006.92,52.86,3.31,S,5.06,overcast clouds,10.3,79.8
2021-11-21 01:00:03.039034,30.1,75.91,1006.51,56.3,2.87,SSW,4.57,overcast clouds,10.3,79.8
2021-11-21 02:00:04.640133,30.01,71.58,1005.89,61.51,2.25,WSW,3.66,broken clouds,10.3,79.8
2021-11-21 03:00:02.991429,30.0,71.37,1005.66,63.35,2.37,WNW,3.62,broken clouds,10.3,79.8
2021-11-21 04:00:04.798167,29.91,71.19,1005.56,64.23,2.4,WNW,3.4,overcast clouds,10.3,79.8
2021-11-21 05:00:03.027868,29.49,71.37,1005.77,62.43,2.94,NW,4.57,overcast clouds,10.3,79.8
2021-11-21 06:00:02.985130,29.39,70.56,1006.43,56.96,3.29,NNW,5.32,overcast clouds,10.3,79.8
2021-11-21 07:00:03.026092,29.18,72.69,1007.49,48.1,3.07,NNW,4.53,overcast clouds,10.3,79.8
2021-11-21 08:00:03.039704,28.71,72.09,1008.64,38.44,2.7,NW,3.49,broken clouds,10.3,79.8
2021-11-21 09:00:03.018316,29.24,69.58,1009.37,32.39,1.81,NW,2.26,overcast clouds,10.3,79.8
2021-11-21 10:00:03.211362,29.96,69.46,1009.65,30.03,1.8,NNW,2.36,overcast clouds,10.3,79.8
2021-11-21 11:00:03.684485,30.0,71.22,1009.14,34.25,1.8,NNW,2.36,overcast clouds,10.3,79.8
2021-11-21 12:00:02.992375,30.38,71.27,1007.99,43.86,1.6,NNW,2.17,few clouds,10.3,79.8
2021-11-21 13:00:02.987219,30.74,69.0,1007.39,48.91,1.09,NW,1.9,few clouds,10.3,79.8
2021-11-21 14:00:05.101494,30.61,66.79,1006.59,55.63,1.09,NW,1.9,few clouds,10.3,79.8
2021-11-21 15:00:03.062012,30.62,66.88,1006.05,60.16,2.59,SSE,2.94,broken clouds,10.3,79.8
2021-11-21 16:00:02.788620,30.66,64.78,1006.44,56.82,3.37,SSE,4.09,broken clouds,10.3,79.8
2021-11-21 17:00:03.052160,30.59,63.41,1006.88,53.2,3.64,SSE,5.31,broken clouds,10.3,79.8
2021-11-21 18:00:03.207820,30.21,66.25,1007.51,47.93,3.09,SSE,4.78,broken clouds,10.3,79.8
2021-11-21 19:00:03.903749,30.04,67.65,1008.55,39.21,3.09,SSE,4.78,broken clouds,10.3,79.8
2021-11-21 20:00:03.201323,30.17,69.13,1009.41,31.99,2.49,SSE,3.17,scattered clouds,10.3,79.8
2021-11-21 21:00:04.603020,30.15,70.85,1009.99,27.15,2.25,SSE,2.65,scattered clouds,10.3,79.8
2021-11-21 22:00:05.622780,30.05,72.58,1010.17,25.67,2.22,SSW,2.56,scattered clouds,10.3,79.8
2021-11-21 23:00:03.255205,30.15,73.62,1009.86,28.23,2.47,SSW,2.99,scattered clouds,10.3,79.8
2021-11-22 00:00:03.275228,30.08,73.95,1009.39,32.16,2.27,SW,2.74,few clouds,10.3,79.8
2021-11-22 01:00:03.233634,29.98,74.53,1009.18,33.96,1.97,SW,2.15,few clouds,10.3,79.8
2021-11-22 02:00:05.443305,29.9,74.61,1008.65,38.38,2.02,WSW,2.15,clear sky,10.3,79.8
2021-11-22 03:00:03.236233,29.81,74.78,1008.06,43.31,2.25,W,2.47,few clouds,10.3,79.8
2021-11-22 04:00:04.908304,29.73,74.75,1007.91,44.58,2.54,WNW,3.12,scattered clouds,10.3,79.8
2021-11-22 05:00:03.290781,29.82,73.27,1008.18,42.32,2.31,WNW,2.92,scattered clouds,10.3,79.8
2021-11-22 06:00:03.264381,29.8,72.26,1008.82,36.92,2.04,NNW,2.47,few clouds,10.3,79.8
2021-11-22 07:00:03.227424,28.13,76.97,1009.75,29.19,2.3,NNW,3.74,few clouds,10.3,79.8
2021-11-22 08:00:05.451999,28.9,72.88,1010.73,21.04,3.08,NNW,4.17,scattered clouds,10.3,79.8
2021-11-22 09:00:03.254463,29.41,67.08,1010.93,19.35,3.97,NW,4.65,scattered clouds,10.3,79.8
2021-11-22 10:00:05.280593,29.81,69.95,1010.63,21.85,4.51,NW,4.94,scattered clouds,10.3,79.8
2021-11-22 11:00:03.297790,30.04,71.3,1009.77,28.98,3.97,NNW,4.39,broken clouds,10.3,79.8
2021-11-22 12:00:03.564002,30.44,69.08,1008.72,37.8,3.7,N,4.74,overcast clouds,10.3,79.8
2021-11-22 13:00:04.072835,30.6,69.03,1007.72,46.16,3.7,N,4.74,overcast clouds,10.3,79.8
2021-11-22 14:00:03.988483,31.07,67.12,1006.98,52.36,4.05,NNE,4.76,overcast clouds,10.3,79.8
2021-11-22 15:00:03.326944,31.4,65.6,1006.19,58.91,4.05,NNE,4.76,overcast clouds,10.3,79.8
2021-11-22 16:00:02.544253,30.95,70.39,1006.31,57.96,2.53,NE,4.08,overcast clouds,10.3,79.8
2021-11-22 17:00:03.217738,30.78,69.59,1007.4,48.79,2.62,ENE,3.6,overcast clouds,10.3,79.8
2021-11-22 18:00:04.173449,30.18,72.17,1007.51,47.94,3.51,NE,5.96,broken clouds,10.3,79.8
2021-11-22 19:00:04.943040,29.4,75.42,1008.08,43.16,3.58,NE,6.66,broken clouds,10.3,79.8
2021-11-22 20:00:03.175172,29.82,74.12,1009.11,34.49,3.59,NE,7.49,overcast clouds,10.3,79.8
2021-11-22 21:00:04.181110,29.71,75.24,1009.77,28.99,3.08,NE,6.66,overcast clouds,10.3,79.8
2021-11-22 22:00:03.080538,30.18,73.74,1010.24,25.09,2.84,NNE,5.56,overcast clouds,10.3,79.8
2021-11-22 23:00:04.305696,30.11,73.76,1010.12,26.09,2.84,N,5.33,overcast clouds,10.3,79.8
2021-11-23 00:00:03.425116,30.1,73.46,1009.69,29.65,3.29,N,6.49,overcast clouds,10.3,79.8
2021-11-23 01:00:03.074628,30.03,74.23,1008.92,36.15,3.28,N,6.68,overcast clouds,10.3,79.8
2021-11-23 02:00:04.374229,29.97,74.07,1008.29,41.36,3.11,N,6.49,light rain,10.3,79.8
2021-11-23 03:00:03.047362,29.87,74.36,1007.89,44.73,2.83,N,5.78,light rain,10.3,79.8
2021-11-23 04:00:04.640673,29.8,75.13,1007.41,48.73,2.61,N,4.91,overcast clouds,10.3,79.8
2021-11-23 05:00:05.389571,29.72,76.19,1007.91,44.59,2.67,N,4.89,overcast clouds,10.3,79.8
2021-11-23 06:00:03.297892,29.65,76.52,1008.11,42.85,3.21,N,6.01,overcast clouds,10.3,79.8
2021-11-23 07:00:03.241454,29.64,76.48,1008.63,38.56,3.95,N,6.8,overcast clouds,10.3,79.8
2021-11-23 08:00:03.231628,29.21,76.15,1009.23,33.53,4.89,N,6.54,broken clouds,10.3,79.8
2021-11-23 09:00:03.024980,29.25,76.82,1010.09,26.37,5.05,N,6.07,broken clouds,10.3,79.8
2021-11-23 10:00:04.180892,29.48,75.75,1009.78,28.97,5.05,N,6.07,broken clouds,10.3,79.8
2021-11-23 11:00:02.092250,29.91,75.32,1009.26,33.24,4.95,NNE,5.42,broken clouds,10.3,79.8
2021-11-23 12:00:03.217793,29.98,77.76,1009.01,35.34,5.28,NNE,5.79,overcast clouds,10.3,79.8
2021-11-23 13:00:04.644537,29.91,77.58,1007.86,45.01,5.3,NE,5.84,overcast clouds,10.3,79.8
2021-11-23 14:00:03.012842,30.1,76.32,1006.83,53.57,5.29,NE,6.06,overcast clouds,10.3,79.8
2021-11-23 15:00:03.066652,30.17,74.86,1006.25,58.44,5.32,NE,6.13,overcast clouds,10.3,79.8
2021-11-23 16:00:02.446772,30.12,73.11,1005.89,61.44,4.9,NE,6.27,overcast clouds,10.3,79.8
2021-11-23 17:00:03.773743,30.6,72.87,1006.43,56.91,4.9,NE,6.27,overcast clouds,10.3,79.8
2021-11-23 18:00:03.450815,30.28,73.73,1007.44,48.53,4.08,NE,8.01,broken clouds,10.3,79.8
2021-11-23 19:00:04.983250,29.91,76.07,1008.2,42.11,4.69,NE,9.45,broken clouds,10.3,79.8
2021-11-23 20:00:03.228867,29.75,77.31,1008.9,36.31,3.96,NNE,9.55,broken clouds,10.3,79.8
2021-11-23 21:00:04.663901,29.87,76.27,1009.7,29.6,4.18,NNE,10.18,broken clouds,10.3,79.8
2021-11-23 22:00:03.831263,29.72,77.71,1010.2,25.44,3.98,NNE,9.94,broken clouds,10.3,79.8
2021-11-23 23:00:03.933496,29.91,77.02,1009.76,29.1,3.69,NNE,9.56,moderate rain,10.3,79.8
2021-11-24 11:00:04.731456,29.0,75.73,1009.49,31.33,5.84,N,8.04,moderate rain,10.3,79.8
2021-11-24 12:00:03.200103,29.05,75.19,1009.33,32.65,5.89,NNE,7.36,moderate rain,10.3,79.8
2021-11-24 13:00:05.235427,29.26,75.45,1008.45,40.01,5.89,NNE,7.36,moderate rain,10.3,79.8
2021-11-24 14:00:02.971997,28.85,79.93,1007.75,45.89,4.31,NNE,5.97,overcast clouds,10.3,79.8
2021-11-24 15:00:04.822942,28.42,80.88,1007.74,45.97,4.11,NE,6.57,heavy intensity rain,10.3,79.8
2021-11-24 16:00:02.579703,28.57,80.99,1007.73,46.1,3.69,NE,7.15,heavy intensity rain,10.3,79.8
2021-11-24 17:00:11.969849,27.96,80.94,1007.32,49.5,3.6,NNE,7.58,moderate rain,10.3,79.8
2021-11-24 18:00:05.515246,27.91,81.55,1007.28,49.81,3.58,NNE,7.55,overcast clouds,10.3,79.8
2021-11-24 19:00:04.261266,28.86,77.37,1007.79,45.52,2.23,ENE,3.07,light rain,10.3,79.8
2021-11-24 20:00:04.333284,28.51,75.68,1009.14,34.29,5.33,ENE,8.85,light rain,10.3,79.8
2021-11-24 21:00:04.738618,28.36,76.17,1009.74,29.26,3.35,NNE,6.66,moderate rain,10.3,79.8
2021-11-24 22:00:04.003387,184.83,100.0,129.37,,3.53,NNE,7.92,overcast clouds,10.3,79.8
2021-11-24 23:00:03.875308,184.83,100.0,129.37,,5.08,NNE,10.86,light rain,10.3,79.8
2021-11-25 00:00:03.884093,184.83,100.0,129.37,,5.12,NNE,10.86,light rain,10.3,79.8
2021-11-25 01:00:05.404604,184.83,100.0,129.37,,5.58,NNE,11.06,light rain,10.3,79.8
2021-11-25 02:00:03.553941,184.83,100.0,129.37,,5.74,N,11.16,moderate rain,10.3,79.8
2021-11-25 03:00:03.878670,184.83,100.0,129.37,,4.79,N,10.68,moderate rain,10.3,79.8
2021-11-25 04:00:04.983265,184.83,100.0,129.37,,5.48,N,11.03,heavy intensity rain,10.3,79.8
2021-11-25 05:00:04.458201,184.83,100.0,129.37,,5.21,N,11.03,moderate rain,10.3,79.8
2021-11-25 06:00:03.934256,184.83,100.0,129.37,,4.85,N,11.19,light rain,10.3,79.8
2021-11-25 07:00:03.895104,184.83,100.0,129.37,,5.56,N,11.16,overcast clouds,10.3,79.8
2021-11-25 08:00:03.960982,184.83,100.0,129.37,,6.14,N,10.96,overcast clouds,10.3,79.8
2021-11-25 09:00:04.007648,184.83,100.0,129.37,,6.4,N,9.71,overcast clouds,10.3,79.8
2021-11-25 10:00:05.515640,28.82,79.25,1008.99,35.49,7.02,NNE,8.6,overcast clouds,10.3,79.8
2021-11-25 11:00:06.346239,28.88,79.45,1008.76,37.44,6.57,NNE,8.32,overcast clouds,10.3,79.8
2021-11-25 12:00:05.654265,28.95,80.39,1007.44,48.45,5.86,NNE,8.83,light rain,10.3,79.8
2021-11-25 13:00:03.270097,28.5,81.86,1006.86,53.31,5.48,NNE,8.92,overcast clouds,10.3,79.8
2021-11-25 14:00:04.281704,28.54,81.9,1005.7,63.01,5.24,NNE,8.64,light rain,10.3,79.8
2021-11-25 15:00:04.023009,29.03,82.56,1005.85,61.8,4.65,NNE,8.06,overcast clouds,10.3,79.8
2021-11-25 16:00:04.281535,28.46,83.03,1006.18,59.01,4.03,NNE,7.56,light rain,10.3,79.8
2021-11-25 17:00:05.210818,28.08,81.82,1006.98,52.36,3.93,NNE,7.19,light rain,10.3,79.8
2021-11-25 18:00:05.974466,27.5,79.24,1007.79,45.59,3.44,NNE,6.67,overcast clouds,10.3,79.8
2021-11-25 19:00:07.580702,184.83,100.0,129.37,,3.95,ENE,7.57,light rain,10.3,79.8
2021-11-25 20:00:06.108244,27.8,80.77,1009.57,30.71,3.88,ENE,6.89,overcast clouds,10.3,79.8
2021-11-25 21:00:07.365177,27.72,80.16,1010.18,25.57,3.63,ENE,6.67,overcast clouds,10.3,79.8
2021-11-25 22:00:06.200518,28.26,79.75,1010.07,26.55,3.27,ENE,5.79,overcast clouds,10.3,79.8
2021-11-25 23:00:05.947600,28.01,79.91,1009.86,28.24,3.36,NE,6.05,overcast clouds,10.3,79.8
2021-11-26 00:00:06.217126,28.04,80.11,1009.19,33.83,3.01,NNE,6.31,overcast clouds,10.3,79.8
2021-11-26 01:00:06.353956,28.0,80.03,1008.0,43.78,3.47,N,7.07,light rain,10.3,79.8
2021-11-26 02:00:05.986022,28.09,79.74,1007.8,45.44,4.59,N,7.54,overcast clouds,10.3,79.8
2021-11-26 03:00:06.848815,28.01,79.85,1007.36,49.13,5.34,NNW,8.27,overcast clouds,10.3,79.8
2021-11-26 04:00:06.038208,27.94,79.1,1007.02,52.01,5.47,NNW,8.97,heavy intensity rain,10.3,79.8
2021-11-26 05:00:08.583542,27.88,79.47,1006.92,52.87,5.56,NNW,9.5,heavy intensity rain,10.3,79.8
2021-11-26 06:00:06.006998,27.82,79.6,1008.45,40.05,5.23,NNW,9.57,heavy intensity rain,10.3,79.8
2021-11-26 07:00:10.276915,27.2,81.98,1009.47,31.54,6.08,N,10.15,moderate rain,10.3,79.8
2021-11-26 08:00:05.239281,27.24,81.55,1009.68,29.73,6.97,N,11.18,overcast clouds,10.3,79.8
2021-11-26 09:00:08.892788,27.53,83.03,1010.52,22.72,7.08,N,10.73,overcast clouds,10.3,79.8
2021-11-26 10:00:09.047983,28.05,82.68,1010.5,22.94,7.53,N,10.09,overcast clouds,10.3,79.8
2021-11-26 11:00:06.016954,28.78,78.95,1010.2,25.45,7.55,N,9.36,overcast clouds,10.3,79.8
2021-11-26 12:00:36.950223,28.59,79.79,1009.08,34.75,6.13,N,9.05,moderate rain,10.3,79.8
2021-11-26 13:00:06.024360,28.73,79.67,1007.68,46.5,5.98,N,9.24,heavy intensity rain,10.3,79.8
2021-11-26 14:00:05.028909,28.97,78.8,1006.72,54.51,6.36,N,10.18,heavy intensity rain,10.3,79.8
2021-11-26 15:00:07.399552,28.26,81.43,1006.47,56.58,6.79,NNE,11.61,moderate rain,10.3,79.8
2021-11-26 16:00:03.984752,28.53,81.36,1006.54,56.02,6.47,N,11.44,moderate rain,10.3,79.8
2021-11-26 17:00:09.015510,28.28,80.34,1006.97,52.45,5.85,N,11.94,moderate rain,10.3,79.8
2021-11-26 18:00:08.923719,27.94,81.78,1007.51,47.89,5.13,N,11.62,moderate rain,10.3,79.8
2021-11-26 19:00:05.974653,28.21,81.29,1008.83,36.9,4.95,N,11.06,overcast clouds,10.3,79.8
2021-11-26 20:00:03.859982,28.11,80.4,1009.8,28.75,5.13,N,11.19,light rain,10.3,79.8
2021-11-26 21:00:20.519255,28.58,79.79,1009.9,27.95,7.06,N,13.27,light rain,10.3,79.8
2021-11-26 22:00:03.678807,28.54,79.35,1010.69,21.33,6.79,N,13.1,moderate rain,10.3,79.8
2021-11-26 23:00:07.213602,28.36,78.68,1010.41,23.65,6.46,NNW,12.91,overcast clouds,10.3,79.8
2021-11-27 00:00:03.810589,28.3,79.05,1009.71,29.54,6.46,N,12.92,overcast clouds,10.3,79.8
2021-11-27 01:00:04.506330,28.26,78.82,1008.61,38.72,6.09,N,12.41,overcast clouds,10.3,79.8
2021-11-27 02:00:04.485985,28.14,79.1,1007.92,44.49,6.29,N,11.79,overcast clouds,10.3,79.8
2021-11-27 03:00:04.259592,28.1,79.45,1007.26,49.95,6.76,N,12.15,overcast clouds,10.3,79.8
2021-11-27 04:00:03.735234,28.0,78.69,1007.19,50.59,7.93,N,13.1,overcast clouds,10.3,79.8
2021-11-27 05:00:03.285316,27.86,77.23,1007.73,46.09,7.62,N,13.13,overcast clouds,10.3,79.8
2021-11-27 06:00:03.916516,27.49,75.2,1008.69,38.03,7.08,N,13.5,overcast clouds,10.3,79.8
2021-11-27 07:00:04.655891,26.95,74.15,1009.59,30.49,6.22,N,13.12,overcast clouds,10.3,79.8
2021-11-27 08:00:03.853116,26.83,74.31,1010.34,24.25,7.15,N,11.65,overcast clouds,10.3,79.8
2021-11-27 09:00:04.866143,27.02,75.28,1010.87,19.84,6.98,N,10.75,overcast clouds,10.3,79.8
2021-11-27 10:00:03.201814,27.36,75.02,1010.85,20.04,7.05,N,10.33,overcast clouds,10.3,79.8
2021-11-27 11:00:03.808674,27.51,75.02,1010.16,25.76,7.91,N,10.45,overcast clouds,10.3,79.8
2021-11-27 12:00:03.173766,27.82,75.63,1009.08,34.78,7.89,N,9.17,overcast clouds,10.3,79.8
2021-11-27 13:00:03.102516,28.28,76.36,1007.89,44.72,7.72,N,8.73,overcast clouds,10.3,79.8
2021-11-27 14:00:03.163184,28.58,76.7,1006.5,56.32,7.81,N,8.67,overcast clouds,10.3,79.8
2021-11-27 15:00:03.116397,28.63,76.58,1006.39,57.26,7.49,N,8.4,overcast clouds,10.3,79.8
2021-11-27 16:00:04.023272,28.72,76.84,1006.36,57.56,6.51,N,8.33,overcast clouds,10.3,79.8
2021-11-27 17:00:05.372067,28.44,79.39,1007.06,51.38,5.22,N,9.24,moderate rain,10.3,79.8
2021-11-27 18:00:03.868190,28.41,80.45,1007.81,45.41,4.76,N,9.17,heavy intensity rain,10.3,79.8
2021-11-27 19:00:04.413056,28.34,80.26,1008.7,37.98,4.76,N,9.17,overcast clouds,10.3,79.8
2021-11-27 20:00:03.960656,28.13,81.6,1009.63,30.15,5.38,N,10.18,overcast clouds,10.3,79.8
2021-11-27 21:00:05.237134,27.98,82.16,1009.95,27.53,5.24,N,10.07,overcast clouds,10.3,79.8
2021-11-27 22:00:05.820314,27.94,83.03,1010.35,24.2,5.24,N,10.07,overcast clouds,10.3,79.8
2021-11-27 23:00:02.897401,28.15,81.97,1009.95,27.51,5.26,N,9.77,overcast clouds,10.3,79.8
2021-11-28 00:00:03.044656,28.07,80.97,1009.57,30.65,4.7,N,9.17,overcast clouds,10.3,79.8
2021-11-28 01:00:04.410886,27.96,79.42,1008.67,38.17,4.72,N,9.11,moderate rain,10.3,79.8
2021-11-28 02:00:03.001405,27.89,79.42,1007.59,47.25,4.78,N,9.27,heavy intensity rain,10.3,79.8
2021-11-28 03:00:02.889360,27.85,79.57,1007.39,48.91,4.87,N,9.29,heavy intensity rain,10.3,79.8
2021-11-28 04:00:02.955639,27.95,80.04,1007.2,50.48,4.7,N,9.4,very heavy rain,10.3,79.8
2021-11-28 05:00:03.169092,27.96,80.32,1008.13,42.72,4.7,N,9.12,heavy intensity rain,10.3,79.8
2021-11-28 06:00:02.877084,27.9,80.34,1009.07,34.87,5.62,N,10.42,light rain,10.3,79.8
2021-11-28 07:00:02.789282,27.98,80.22,1009.79,28.82,5.44,N,9.71,heavy intensity rain,10.3,79.8
2021-11-28 08:00:03.859034,27.39,81.85,1010.4,23.72,6.18,N,8.3,moderate rain,10.3,79.8
2021-11-28 09:00:04.012090,27.3,81.89,1010.71,21.18,5.97,N,6.95,moderate rain,10.3,79.8
2021-11-28 10:00:03.687945,27.42,81.87,1010.4,23.73,5.39,NNE,6.04,moderate rain,10.3,79.8
2021-11-28 11:00:04.546153,27.71,80.86,1010.52,22.75,5.56,NNE,5.8,overcast clouds,10.3,79.8
2021-11-28 12:00:04.141500,28.03,78.7,1009.52,31.06,5.8,NNE,6.08,overcast clouds,10.3,79.8
2021-11-28 13:00:03.073988,28.25,76.43,1009.15,34.17,5.74,NNE,6.05,light rain,10.3,79.8
2021-11-28 14:00:03.070979,28.11,76.15,1008.29,41.37,5.89,NNE,6.26,overcast clouds,10.3,79.8
2021-11-28 15:00:03.984771,28.08,76.44,1007.37,49.07,5.89,NNE,6.45,overcast clouds,10.3,79.8
2021-11-28 16:00:03.416112,28.0,76.88,1007.34,49.36,5.61,NNE,7.15,light rain,10.3,79.8
2021-11-28 17:00:03.452809,27.87,76.9,1008.08,43.17,5.59,NNE,8.85,overcast clouds,10.3,79.8
2021-11-28 18:00:03.101156,27.63,77.73,1009.17,33.9,6.21,NNE,10.7,overcast clouds,10.3,79.8
2021-11-28 19:00:05.805510,27.56,78.28,1010.03,26.87,6.13,NNE,10.98,overcast clouds,10.3,79.8
2021-11-28 20:00:03.723198,27.4,77.69,1010.89,19.7,5.93,NNE,11.07,overcast clouds,10.3,79.8
2021-11-28 21:00:03.341665,27.05,77.42,1011.64,13.45,5.25,NNE,10.45,overcast clouds,10.3,79.8
2021-11-28 22:00:04.809388,27.35,77.51,1011.27,16.52,4.52,N,9.2,overcast clouds,10.3,79.8
2021-11-28 23:00:03.293043,27.51,77.81,1010.79,20.5,4.44,N,8.53,overcast clouds,10.3,79.8
2021-11-29 00:00:03.041514,27.59,77.37,1010.48,23.09,4.47,N,8.08,overcast clouds,10.3,79.8
2021-11-29 01:00:04.872625,27.56,77.64,1009.77,28.99,4.7,N,8.45,heavy intensity rain,10.3,79.8
2021-11-29 02:00:03.052982,27.42,77.06,1009.69,29.66,5.09,N,8.88,moderate rain,10.3,79.8
2021-11-29 03:00:04.819183,27.37,76.95,1009.11,34.5,5.12,N,8.96,light rain,10.3,79.8
2021-11-29 04:00:03.018027,27.18,77.0,1009.14,34.3,4.85,N,8.73,overcast clouds,10.3,79.8
2021-11-29 05:00:04.687591,26.96,78.04,1009.57,30.72,4.66,N,8.46,overcast clouds,10.3,79.8
2021-11-29 06:00:03.199814,26.9,78.5,1010.1,26.11,4.9,N,8.61,overcast clouds,10.3,79.8
2021-11-29 07:00:04.034412,27.06,78.2,1011.13,17.7,5.29,N,8.28,overcast clouds,10.3,79.8
2021-11-29 08:00:03.213665,26.68,79.58,1011.87,11.51,5.68,N,7.39,overcast clouds,10.3,79.8
2021-11-29 09:00:03.031917,27.18,79.85,1012.68,4.72,5.62,NNE,6.84,overcast clouds,10.3,79.8
2021-11-29 10:00:03.018076,27.67,79.31,1012.51,6.15,5.3,NNE,6.14,overcast clouds,10.3,79.8
2021-11-29 11:00:04.513995,28.32,77.87,1012.17,9.01,4.94,NE,5.79,overcast clouds,10.3,79.8
2021-11-29 12:00:03.065712,28.48,78.55,1010.95,19.2,5.12,NE,5.85,overcast clouds,10.3,79.8
2021-11-29 13:00:02.997466,28.81,77.79,1009.63,30.35,4.47,ENE,5.41,overcast clouds,10.3,79.8
2021-11-29 14:00:04.420780,28.96,80.24,1008.78,37.28,4.43,ENE,5.55,overcast clouds,10.3,79.8
2021-11-29 15:00:03.281550,28.92,79.26,1008.68,38.16,4.66,ENE,5.81,overcast clouds,10.3,79.8
2021-11-29 16:00:03.559582,29.05,77.72,1008.66,38.25,4.45,ENE,5.77,overcast clouds,10.3,79.8
2021-11-29 17:00:02.980809,29.19,77.92,1008.73,37.71,4.01,ENE,6.16,light rain,10.3,79.8
2021-11-29 18:00:03.085228,29.19,77.66,1008.77,37.36,3.78,ENE,6.43,overcast clouds,10.3,79.8
2021-11-29 19:00:06.107540,28.9,77.57,1009.39,32.18,3.77,ENE,6.71,overcast clouds,10.3,79.8
2021-11-29 20:00:04.733206,28.42,79.29,1010.62,21.89,3.58,NE,6.45,overcast clouds,10.3,79.8
2021-11-29 21:00:05.974532,28.51,78.77,1011.45,15.01,3.46,NE,6.45,overcast clouds,10.3,79.8
2021-11-29 22:00:03.200654,28.51,79.06,1011.35,15.81,3.33,NE,6.08,overcast clouds,10.3,79.8
2021-11-29 23:00:03.994387,28.66,78.94,1010.95,19.14,3.31,NE,5.89,overcast clouds,10.3,79.8
2021-11-30 00:00:03.077927,28.63,77.89,1010.86,19.95,3.33,NNE,6.42,overcast clouds,10.3,79.8
2021-11-30 01:00:04.790504,28.58,77.81,1010.41,23.69,3.04,NNE,5.92,overcast clouds,10.3,79.8
2021-11-30 02:00:05.257259,28.44,77.82,1009.89,28.02,3.17,NNE,6.03,overcast clouds,10.3,79.8
2021-11-30 03:00:03.182572,28.45,78.23,1009.38,32.28,3.18,NNE,6.14,overcast clouds,10.3,79.8
2021-11-30 04:00:02.963738,28.31,78.27,1009.26,33.24,2.95,NNE,6.05,overcast clouds,10.3,79.8
2021-11-30 05:00:04.890824,28.16,77.48,1009.67,29.85,3.18,NNE,6.39,light rain,10.3,79.8
2021-11-30 06:00:02.984146,28.16,77.25,1010.38,23.9,2.63,NNE,4.54,overcast clouds,10.3,79.8
2021-11-30 07:00:03.126786,28.04,79.0,1011.58,13.9,2.63,NNE,4.54,overcast clouds,10.3,79.8
2021-11-30 08:00:04.635590,28.21,79.9,1012.26,8.23,2.99,NE,3.98,overcast clouds,10.3,79.8
2021-11-30 09:00:03.029688,28.42,79.78,1012.83,3.49,3.35,NE,4.64,overcast clouds,10.3,79.8
2021-11-30 10:00:04.104752,28.76,79.49,1012.66,4.9,3.44,ENE,4.94,overcast clouds,10.3,79.8
2021-11-30 11:00:02.988221,28.88,79.13,1012.37,7.36,3.98,E,5.21,overcast clouds,10.3,79.8
2021-11-30 12:00:02.971109,29.2,77.24,1011.08,18.02,4.07,E,5.27,overcast clouds,10.3,79.8
2021-11-30 13:00:03.188144,29.26,77.89,1010.02,26.94,4.07,E,5.27,overcast clouds,10.3,79.8
2021-11-30 14:00:02.977502,29.41,78.47,1008.85,36.7,3.74,E,5.27,overcast clouds,10.3,79.8
2021-11-30 15:00:03.035484,29.62,78.64,1007.99,43.89,3.53,E,4.73,overcast clouds,10.3,79.8
2021-11-30 16:00:02.496474,29.73,77.93,1007.94,44.28,3.53,E,4.73,overcast clouds,10.3,79.8
2021-11-30 20:00:03.656203,28.99,78.0,1011.22,16.93,3.2,NE,5.51,clear sky,10.3,79.8
2021-11-30 21:00:04.477783,28.77,79.45,1012.22,8.55,2.96,NE,4.97,clear sky,10.3,79.8
2021-12-01 07:06:01.609094,27.8,79.64,1010.68,,3.86,NNE,6.44,clear sky,10.3,79.8
2021-12-01 08:00:04.631649,27.94,79.69,1011.42,15.24,4.39,NNE,6.5,clear sky,10.3,79.8
2021-12-01 09:00:03.337289,28.37,80.23,1011.77,12.35,4.4,NNE,5.69,clear sky,10.3,79.8
2021-12-01 10:00:03.311566,28.68,78.42,1011.7,12.88,4.3,NE,5.19,clear sky,10.3,79.8
2021-12-01 11:00:03.334201,28.99,78.22,1011.05,18.33,4.18,NE,5.05,few clouds,10.3,79.8
2021-12-01 12:00:03.105710,29.34,77.06,1009.67,29.84,4.47,NE,5.33,broken clouds,10.3,79.8
2021-12-01 13:00:04.297858,29.91,74.42,1008.35,40.89,4.4,ENE,5.21,broken clouds,10.3,79.8
2021-12-01 14:00:03.983148,29.28,71.5,1007.77,45.7,4.73,ENE,5.32,broken clouds,10.3,79.8
2021-12-01 15:00:03.345712,28.64,79.96,1007.45,48.36,4.89,ENE,5.52,broken clouds,10.3,79.8
2021-12-01 16:00:02.740551,29.03,78.86,1007.19,50.55,4.47,ENE,5.33,broken clouds,10.3,79.8
2021-12-01 17:00:03.356245,28.59,76.45,1007.9,44.65,4.11,ENE,6.08,broken clouds,10.3,79.8
2021-12-01 18:00:03.200132,28.61,78.62,1008.82,36.92,4.41,ENE,7.53,clear sky,10.3,79.8
2021-12-01 19:00:03.026435,28.52,81.07,1009.84,28.44,3.98,NE,7.21,scattered clouds,10.3,79.8
2021-12-01 20:00:03.079828,29.01,77.77,1010.74,20.82,3.66,NE,7.42,few clouds,10.3,79.8
2021-12-01 21:00:03.232569,29.01,78.63,1011.38,15.56,3.58,NE,7.63,light rain,10.3,79.8
2021-12-01 22:00:04.782093,28.99,75.83,1011.53,14.34,3.26,NE,6.96,few clouds,10.3,79.8
2021-12-01 23:00:03.077528,28.86,77.11,1011.6,13.72,2.56,NNE,4.92,few clouds,10.3,79.8
2021-12-02 00:00:03.021258,28.75,77.01,1011.21,17.03,2.66,NNE,4.32,light rain,10.3,79.8
2021-12-02 01:00:03.013345,28.47,76.89,1010.87,19.87,2.6,NNE,4.27,few clouds,10.3,79.8
2021-12-02 02:00:03.045828,28.39,78.73,1010.12,26.06,2.61,NNE,4.05,moderate rain,10.3,79.8
2021-12-02 03:00:03.102293,28.57,78.09,1009.54,30.91,2.84,N,4.16,scattered clouds,10.3,79.8
2021-12-02 04:00:04.212664,28.59,77.89,1009.17,34.04,3.13,N,4.86,light rain,10.3,79.8
2021-12-02 05:00:03.049555,28.4,77.92,1009.48,31.45,3.39,N,5.6,scattered clouds,10.3,79.8
2021-12-02 06:00:03.031478,28.33,77.9,1010.03,26.81,3.39,N,5.6,scattered clouds,10.3,79.8
2021-12-02 07:00:03.013561,28.31,79.27,1010.86,19.99,3.9,N,6.66,scattered clouds,10.3,79.8
2021-12-02 08:00:03.165915,28.62,79.15,1011.45,15.02,4.54,N,6.28,scattered clouds,10.3,79.8
2021-12-02 09:00:03.065081,28.8,78.57,1011.7,12.9,4.8,N,5.78,scattered clouds,10.3,79.8
2021-12-02 10:00:03.635635,29.29,77.1,1011.57,14.01,4.86,NNE,5.28,scattered clouds,10.3,79.8
2021-12-02 11:00:14.561777,29.51,75.55,1011.02,18.57,4.48,NNE,4.8,scattered clouds,10.3,79.8
2021-12-02 12:00:40.802557,29.4,75.16,1009.87,28.14,4.97,NNE,5.07,overcast clouds,10.3,79.8
2021-12-02 13:00:03.727542,29.49,74.89,1009.0,35.47,5.36,NNE,5.42,overcast clouds,10.3,79.8
2021-12-02 14:00:06.892277,29.32,77.05,1008.2,42.09,5.79,NNE,6.26,overcast clouds,10.3,79.8
2021-12-02 15:00:04.135570,29.44,73.21,1007.89,44.7,6.12,NE,7.23,overcast clouds,10.3,79.8
2021-12-02 16:00:02.438968,29.4,75.03,1007.55,47.55,5.13,NE,7.22,overcast clouds,10.3,79.8
2021-12-02 17:00:02.525714,29.69,72.97,1007.82,45.35,4.15,NE,6.98,overcast clouds,10.3,79.8
2021-12-02 18:00:02.843213,29.41,71.13,1008.39,40.57,4.1,NE,8.36,overcast clouds,10.3,79.8
2021-12-02 19:00:02.939663,29.23,71.89,1009.32,32.79,3.82,NE,8.37,overcast clouds,10.3,79.8
2021-12-02 21:00:03.010614,28.75,73.29,1011.33,16.01,3.21,NNE,7.38,overcast clouds,10.3,79.8
2021-12-02 22:00:03.311266,29.15,73.5,1011.43,15.16,3.07,NNE,7.14,overcast clouds,10.3,79.8
2021-12-02 23:00:03.003507,29.04,74.65,1010.99,18.84,3.0,NNE,6.78,overcast clouds,10.3,79.8
2021-12-03 00:00:03.024228,28.97,75.12,1010.58,22.25,2.87,NNE,5.44,overcast clouds,10.3,79.8
2021-12-03 01:00:03.331504,28.88,75.5,1010.41,23.7,2.85,N,4.81,overcast clouds,10.3,79.8
2021-12-03 02:00:03.227150,28.78,75.67,1009.72,29.45,2.97,N,5.01,broken clouds,10.3,79.8
2021-12-03 03:00:02.969047,28.58,76.02,1009.28,33.11,2.8,N,4.56,broken clouds,10.3,79.8
2021-12-03 04:00:02.965998,28.32,76.38,1008.93,36.01,3.24,N,5.45,broken clouds,10.3,79.8
2021-12-03 05:00:02.972940,28.09,76.92,1009.31,32.86,3.17,N,5.55,broken clouds,10.3,79.8
2021-12-03 06:00:03.335771,28.06,76.53,1009.82,28.59,3.17,NNW,5.4,overcast clouds,10.3,79.8
2021-12-03 07:00:03.223533,26.61,81.65,1010.53,22.67,2.97,N,5.41,overcast clouds,10.3,79.8
2021-12-03 08:00:02.733988,27.36,79.21,1011.31,16.16,2.97,N,5.41,overcast clouds,10.3,79.8
2021-12-03 09:00:04.131156,28.07,76.37,1012.18,8.93,3.76,NNE,4.79,overcast clouds,10.3,79.8
2021-12-03 10:00:02.633473,28.71,75.85,1012.42,6.93,3.4,NNE,4.05,overcast clouds,10.3,79.8
2021-12-03 11:00:04.785793,29.24,71.49,1011.73,12.7,3.54,N,4.1,overcast clouds,10.3,79.8
2021-12-03 12:00:02.372795,29.67,69.47,1010.53,22.68,3.53,N,4.09,broken clouds,10.3,79.8
2021-12-03 13:00:02.620703,29.78,68.98,1009.5,31.26,3.64,NNE,4.08,overcast clouds,10.3,79.8
2021-12-03 14:00:02.737204,30.32,70.8,1008.49,39.7,3.69,NNE,4.03,overcast clouds,10.3,79.8
2021-12-03 15:00:04.330204,30.27,71.67,1008.1,42.95,3.05,N,3.23,overcast clouds,10.3,79.8
2021-12-03 16:00:02.259420,30.29,71.32,1008.18,42.31,2.96,NNE,3.06,overcast clouds,10.3,79.8
2021-12-03 17:00:02.281224,30.05,72.51,1008.52,39.49,2.6,NE,3.35,overcast clouds,10.3,79.8
2021-12-03 18:00:03.031752,29.91,74.31,1009.0,35.46,2.35,NE,2.78,overcast clouds,10.3,79.8
2021-12-03 19:00:02.864058,29.51,76.79,1009.95,27.51,2.35,NE,2.78,overcast clouds,10.3,79.8
2021-12-03 20:00:02.920358,29.4,77.8,1010.87,19.81,3.12,ENE,3.82,overcast clouds,10.3,79.8
2021-12-03 21:00:02.897641,29.38,74.54,1011.66,13.21,3.34,ENE,4.65,overcast clouds,10.3,79.8
2021-12-03 22:00:03.099762,29.56,73.63,1011.77,12.37,3.02,ENE,4.25,overcast clouds,10.3,79.8
2021-12-03 23:00:02.892059,29.3,74.04,1011.17,17.37,2.98,ENE,4.25,overcast clouds,10.3,79.8
2021-12-04 00:00:03.303296,29.09,74.04,1010.73,20.96,2.88,ENE,4.23,overcast clouds,10.3,79.8
2021-12-04 01:00:03.094709,28.96,74.14,1010.38,23.95,2.77,NE,4.13,overcast clouds,10.3,79.8
2021-12-04 02:00:03.177589,28.85,74.2,1009.61,30.34,2.5,NE,3.5,overcast clouds,10.3,79.8
2021-12-04 03:00:03.121128,28.88,74.96,1008.94,35.92,2.12,NNE,2.81,overcast clouds,10.3,79.8
2021-12-04 04:00:03.312278,28.93,76.03,1009.53,30.98,2.0,NNE,2.49,overcast clouds,10.3,79.8
2021-12-04 05:00:05.228942,29.04,76.17,1009.88,28.1,2.08,N,2.52,overcast clouds,10.3,79.8
2021-12-04 06:00:02.974379,28.91,77.03,1010.32,24.44,2.46,N,3.35,overcast clouds,10.3,79.8
2021-12-04 07:00:02.912713,28.77,77.87,1011.08,18.1,2.4,N,3.13,overcast clouds,10.3,79.8
2021-12-04 08:00:02.936288,28.84,78.46,1012.24,8.45,2.28,N,2.56,overcast clouds,10.3,79.8
2021-12-04 09:00:02.920721,28.96,77.91,1012.73,4.33,2.36,NNE,2.32,overcast clouds,10.3,79.8
2021-12-04 10:00:04.585903,29.06,75.8,1012.3,7.87,2.15,NNE,1.87,overcast clouds,10.3,79.8
2021-12-04 11:00:02.876743,29.23,74.56,1012.06,9.91,1.91,NE,1.64,overcast clouds,10.3,79.8
2021-12-04 12:00:03.058070,29.71,72.04,1011.1,17.91,1.57,ENE,1.62,broken clouds,10.3,79.8
2021-12-04 13:00:02.945339,29.87,71.04,1009.91,27.86,1.48,E,1.42,broken clouds,10.3,79.8
2021-12-04 14:00:02.910403,29.68,77.81,1009.0,35.49,1.48,E,1.42,broken clouds,10.3,79.8
2021-12-04 15:00:04.547669,29.57,79.52,1008.66,38.27,1.95,ESE,1.42,broken clouds,10.3,79.8
2021-12-04 16:00:02.311521,29.76,74.47,1008.33,41.03,2.99,SE,2.47,broken clouds,10.3,79.8
2021-12-04 17:00:02.930314,29.68,77.59,1008.96,35.78,3.43,SE,4.29,broken clouds,10.3,79.8
2021-12-04 18:00:03.026051,29.29,77.28,1009.57,30.65,2.65,SE,3.84,scattered clouds,10.3,79.8
2021-12-04 19:00:04.570917,29.49,78.41,1010.35,24.15,2.15,SSE,2.94,few clouds,10.3,79.8
2021-12-04 20:00:02.913227,29.51,78.81,1011.55,14.18,1.49,SSE,1.84,few clouds,10.3,79.8
2021-12-04 21:00:02.930959,29.35,80.18,1011.9,11.27,1.66,SSE,1.88,few clouds,10.3,79.8
2021-12-04 22:00:02.931929,29.46,80.87,1012.21,8.69,1.51,S,1.63,few clouds,10.3,79.8
2021-12-04 23:00:02.927954,29.38,79.31,1012.09,9.65,1.64,SSW,1.75,few clouds,10.3,79.8
2021-12-05 00:00:02.927336,29.28,79.48,1011.67,13.14,1.64,SW,1.73,clear sky,10.3,79.8
2021-12-05 01:00:02.873881,29.2,79.21,1011.27,16.48,1.58,SW,1.68,clear sky,10.3,79.8
2021-12-05 02:00:02.970755,29.14,78.5,1010.54,22.62,1.44,SW,1.54,clear sky,10.3,79.8
2021-12-05 03:00:02.933226,29.17,78.35,1009.89,28.05,1.71,SW,1.89,clear sky,10.3,79.8
2021-12-05 04:00:02.927520,29.07,78.78,1009.87,28.21,1.69,SW,1.84,clear sky,10.3,79.8
2021-12-05 05:00:02.959086,29.04,78.85,1010.45,23.31,1.6,SW,1.77,clear sky,10.3,79.8
2021-12-05 06:00:02.913875,28.95,79.8,1010.96,19.1,0.5,S,0.66,scattered clouds,10.3,79.8
2021-12-05 07:00:02.892371,28.93,80.28,1011.61,13.63,0.34,ENE,0.6,few clouds,10.3,79.8
2021-12-05 08:00:02.919425,28.78,80.44,1012.51,6.17,0.97,NNE,0.84,few clouds,10.3,79.8
2021-12-05 09:00:02.939813,29.01,78.48,1012.51,6.17,0.78,ESE,1.07,clear sky,10.3,79.8
2021-12-05 10:00:02.846512,29.45,74.09,1012.23,8.47,1.7,ESE,1.46,few clouds,10.3,79.8
2021-12-05 11:00:02.965313,29.65,74.32,1011.57,13.98,1.94,SE,1.42,few clouds,10.3,79.8
2021-12-05 12:00:03.199406,30.22,76.29,1010.29,24.71,0.88,ESE,1.22,scattered clouds,10.3,79.8
2021-12-05 13:00:02.874362,30.3,76.64,1009.21,33.68,0.88,ESE,1.22,scattered clouds,10.3,79.8
2021-12-05 14:00:02.940717,30.49,75.6,1008.44,40.1,2.2,ESE,1.56,scattered clouds,10.3,79.8
2021-12-05 15:00:02.901908,30.39,74.37,1007.81,45.38,2.18,ESE,1.64,scattered clouds,10.3,79.8
2021-12-05 16:00:02.416304,30.23,74.65,1007.34,49.34,2.92,ESE,2.11,scattered clouds,10.3,79.8
2021-12-05 17:00:02.923136,29.99,73.89,1007.65,46.71,3.43,ESE,4.17,scattered clouds,10.3,79.8
2021-12-05 18:00:02.885125,29.87,74.9,1008.3,41.3,2.74,SE,3.47,clear sky,10.3,79.8
2021-12-05 19:00:02.838165,29.88,77.01,1009.12,34.41,2.55,SE,3.43,clear sky,10.3,79.8
2021-12-05 20:00:02.917771,29.59,79.75,1010.2,25.46,2.15,SE,3.02,clear sky,10.3,79.8
2021-12-05 21:00:02.868170,29.73,77.76,1011.14,17.62,2.35,SE,3.16,clear sky,10.3,79.8
2021-12-05 22:00:02.937634,29.74,79.48,1011.3,16.24,2.13,ESE,2.49,clear sky,10.3,79.8
2021-12-05 23:00:02.898810,29.58,79.6,1011.25,16.65,1.91,SE,2.29,clear sky,10.3,79.8
2021-12-06 00:00:03.018465,29.58,80.21,1010.52,22.74,1.59,SE,1.85,clear sky,10.3,79.8
2021-12-06 01:00:02.998219,29.56,80.59,1010.31,24.54,1.53,SE,1.79,few clouds,10.3,79.8
2021-12-06 02:00:02.942483,29.55,81.04,1009.46,31.63,1.62,SE,2.0,few clouds,10.3,79.8
2021-12-06 03:00:02.968010,29.52,81.35,1009.08,34.81,1.62,SE,2.0,few clouds,10.3,79.8
2021-12-06 04:00:02.973788,29.51,81.83,1009.0,35.45,2.95,ESE,3.59,few clouds,10.3,79.8
2021-12-06 05:00:02.935251,29.59,81.95,1009.17,33.99,2.79,E,3.62,scattered clouds,10.3,79.8
2021-12-06 06:00:03.012636,28.86,74.42,1010.32,24.46,1.46,ESE,1.73,clear sky,10.3,79.8
2021-12-06 07:00:02.960406,28.81,75.89,1010.83,20.14,1.56,ESE,2.13,clear sky,10.3,79.8
2021-12-06 08:00:04.753261,28.08,78.8,1011.64,13.45,2.15,ESE,2.58,clear sky,10.3,79.8
2021-12-06 09:00:02.874094,27.91,79.16,1012.4,7.12,2.33,ESE,2.6,few clouds,10.3,79.8
2021-12-06 10:00:02.883156,27.97,78.49,1012.53,6.03,2.33,ESE,2.6,few clouds,10.3,79.8
2021-12-06 11:00:02.979471,28.45,75.96,1011.91,11.13,3.14,ESE,2.91,scattered clouds,10.3,79.8
2021-12-06 12:00:02.918436,28.78,74.75,1011.07,18.16,3.57,ESE,3.09,scattered clouds,10.3,79.8
2021-12-06 13:00:02.839172,28.77,76.01,1010.22,25.28,3.3,E,2.95,scattered clouds,10.3,79.8
2021-12-06 14:00:03.820993,29.08,75.41,1009.05,35.03,3.5,E,3.16,scattered clouds,10.3,79.8
2021-12-06 15:00:02.927143,29.15,74.98,1008.14,42.63,3.2,E,3.09,scattered clouds,10.3,79.8
2021-12-06 16:00:02.443181,29.59,75.07,1008.27,41.54,3.16,E,3.07,scattered clouds,10.3,79.8
2021-12-06 17:00:05.452409,29.45,74.57,1008.76,37.46,3.25,E,4.23,broken clouds,10.3,79.8
2021-12-06 18:00:02.958044,29.35,77.66,1009.17,34.06,3.11,E,4.53,broken clouds,10.3,79.8
2021-12-06 19:00:02.859105,29.1,75.75,1010.22,25.28,3.05,E,4.71,broken clouds,10.3,79.8
2021-12-06 20:00:06.238193,28.72,76.85,1010.96,19.05,2.97,ENE,4.67,overcast clouds,10.3,79.8
2021-12-06 21:00:03.339234,28.57,78.1,1011.39,15.48,3.12,ENE,4.94,broken clouds,10.3,79.8
2021-12-06 22:00:06.081689,28.94,79.31,1011.32,16.11,3.0,ENE,4.49,broken clouds,10.3,79.8
2021-12-06 23:00:03.008483,28.96,79.97,1010.98,18.92,2.8,NE,4.17,broken clouds,10.3,79.8
2021-12-07 00:00:02.924832,28.93,80.37,1010.89,19.71,2.5,NE,3.33,broken clouds,10.3,79.8
2021-12-07 01:00:02.981809,28.91,80.36,1010.63,21.8,2.34,NE,2.92,broken clouds,10.3,79.8
2021-12-07 02:00:02.963227,28.87,80.61,1010.2,25.47,2.54,NE,3.25,broken clouds,10.3,79.8
2021-12-07 03:00:02.968226,28.85,80.39,1009.83,28.52,2.72,NNE,3.6,broken clouds,10.3,79.8
2021-12-07 04:00:03.002876,28.76,80.52,1009.73,29.35,2.65,NNE,3.76,broken clouds,10.3,79.8
2021-12-07 05:00:02.972992,28.73,80.06,1009.92,27.77,2.63,NNE,3.68,scattered clouds,10.3,79.8
2021-12-07 06:00:02.958826,28.63,80.42,1010.55,22.54,2.63,NNE,3.68,scattered clouds,10.3,79.8
2021-12-07 07:00:04.482767,28.5,81.24,1011.33,15.97,2.35,NE,3.58,few clouds,10.3,79.8
2021-12-07 08:00:04.562591,28.79,81.34,1012.14,9.27,2.65,ENE,4.02,few clouds,10.3,79.8
2021-12-07 09:00:02.949212,28.8,81.71,1012.53,6.01,2.65,ENE,4.02,few clouds,10.3,79.8
2021-12-07 10:00:02.943579,29.16,80.77,1012.68,4.71,3.3,NE,4.52,few clouds,10.3,79.8
2021-12-07 11:00:02.902211,184.83,100.0,129.37,,3.92,NE,5.18,few clouds,10.3,79.8
2021-12-07 12:00:02.979737,184.83,100.0,129.37,,3.89,NE,5.14,scattered clouds,10.3,79.8
2021-12-07 13:00:02.905421,184.83,100.0,129.37,,4.24,ENE,5.19,broken clouds,10.3,79.8
2021-12-07 14:00:02.880137,184.83,100.0,129.37,,4.9,ENE,5.49,broken clouds,10.3,79.8
2021-12-07 15:00:02.887066,184.83,100.0,129.37,,5.32,ENE,5.5,broken clouds,10.3,79.8
2021-12-07 16:00:02.410772,184.83,100.0,129.37,,5.57,ENE,6.18,broken clouds,10.3,79.8
2021-12-07 17:00:02.839435,184.83,100.0,129.37,,5.47,ENE,8.25,broken clouds,10.3,79.8
2021-12-07 18:00:02.906780,184.83,100.0,129.37,,4.7,ENE,8.29,scattered clouds,10.3,79.8
2021-12-07 19:00:02.930343,184.83,100.0,129.37,,4.31,ENE,7.99,scattered clouds,10.3,79.8
2021-12-07 20:00:04.476659,184.83,100.0,129.37,,3.96,ENE,7.6,scattered clouds,10.3,79.8
2021-12-07 21:00:02.909059,184.83,100.0,129.37,,3.73,NE,7.4,scattered clouds,10.3,79.8
2021-12-07 22:00:02.879254,184.83,100.0,129.37,,3.64,ENE,7.24,scattered clouds,10.3,79.8
2021-12-07 23:00:02.921159,184.83,100.0,129.37,,3.33,NE,6.74,scattered clouds,10.3,79.8
2021-12-08 00:00:03.798054,184.83,100.0,129.37,,2.88,NE,5.51,scattered clouds,10.3,79.8
2021-12-08 01:00:02.973303,184.83,100.0,129.37,,3.01,NNE,5.48,few clouds,10.3,79.8
2021-12-08 02:00:03.015127,184.83,100.0,129.37,,2.73,NNE,5.05,few clouds,10.3,79.8
2021-12-08 03:00:02.903534,184.83,100.0,129.37,,2.73,NNE,4.57,few clouds,10.3,79.8
2021-12-08 04:00:02.990661,184.83,100.0,129.37,,2.95,NNE,5.05,few clouds,10.3,79.8
2021-12-08 05:00:04.022340,184.83,100.0,129.37,,2.99,NNE,5.22,few clouds,10.3,79.8
2021-12-08 06:00:02.991695,184.83,100.0,129.37,,2.99,N,5.26,few clouds,10.3,79.8
2021-12-08 07:00:02.995433,184.83,100.0,129.37,,3.42,N,5.47,few clouds,10.3,79.8
2021-12-08 08:00:02.979870,184.83,100.0,129.37,,3.93,N,5.37,few clouds,10.3,79.8
2021-12-08 09:00:02.922824,184.83,100.0,129.37,,4.33,N,5.5,few clouds,10.3,79.8
2021-12-08 10:00:02.958735,184.83,100.0,129.37,,4.42,NNE,5.13,few clouds,10.3,79.8
2021-12-08 11:00:02.946680,184.83,100.0,129.37,,4.46,NNE,5.16,few clouds,10.3,79.8
2021-12-08 15:00:05.039544,30.79,66.77,1008.5,39.61,4.86,NE,5.7,broken clouds,10.3,79.8
2021-12-08 16:15:15.357289,30.22,72.26,1008.39,40.5,4.97,NE,5.84,broken clouds,10.3,79.8
2021-12-08 19:46:31.233156,29.63,74.54,1010.46,23.26,3.96,NE,7.44,clear sky,10.3,79.8
2021-12-08 19:46:45.876324,29.58,74.72,1010.51,22.84,3.96,NE,7.44,clear sky,10.3,79.8
2021-12-09 07:23:27.734298,28.37,74.91,1012.07,9.85,3.93,NNE,6.69,clear sky,10.3,79.8
2021-12-09 08:21:20.268631,28.06,74.1,1013.25,0.01,4.52,NNE,6.53,clear sky,10.3,79.8
2021-12-09 09:21:21.049450,28.2,72.72,1013.53,2.3,4.93,NE,6.32,clear sky,10.3,79.8
2021-12-09 10:02:05.614902,28.43,73.1,1013.46,1.78,4.91,NE,5.7,few clouds,10.3,79.8
2021-12-09 11:00:02.230138,29.23,69.55,1013.14,0.88,4.61,ENE,5.25,few clouds,10.3,79.8
2021-12-09 12:00:02.278225,29.45,71.05,1012.45,6.7,4.52,ENE,5.16,overcast clouds,10.3,79.8
2021-12-09 13:00:02.198489,29.96,68.58,1011.54,14.23,4.46,E,5.3,overcast clouds,10.3,79.8
2021-12-09 14:00:02.428908,30.17,68.49,1010.61,21.97,4.66,E,5.58,broken clouds,10.3,79.8
2021-12-09 15:00:03.076396,30.15,67.38,1010.01,26.97,5.02,E,5.79,broken clouds,10.3,79.8
2021-12-09 16:00:02.272081,30.47,69.28,1009.78,28.94,4.72,E,5.88,broken clouds,10.3,79.8
2021-12-09 17:00:02.295007,30.07,71.15,1010.3,24.57,4.08,ENE,6.4,broken clouds,10.3,79.8
2021-12-09 18:00:03.354627,29.63,71.31,1011.19,17.18,3.73,ENE,6.12,few clouds,10.3,79.8
2021-12-09 19:00:02.282508,29.68,69.21,1012.03,10.12,3.63,NE,6.31,few clouds,10.3,79.8
2021-12-09 20:00:03.921102,29.14,71.81,1012.95,2.46,3.48,NE,6.32,few clouds,10.3,79.8
2021-12-09 21:00:02.259141,28.76,74.4,1013.61,2.99,3.25,NNE,5.56,few clouds,10.3,79.8
2021-12-09 22:00:03.580721,29.2,74.39,1013.67,3.49,3.34,NNE,5.71,few clouds,10.3,79.8
2021-12-09 23:00:02.498526,29.18,73.81,1013.32,0.56,3.31,NNE,5.96,few clouds,10.3,79.8
2021-12-10 00:00:02.300120,29.09,74.2,1013.04,1.72,3.48,NNE,6.27,clear sky,10.3,79.8
2021-12-10 01:00:02.260604,28.95,74.61,1012.16,9.07,3.86,N,7.49,clear sky,10.3,79.8
2021-12-10 02:00:03.508364,28.86,74.93,1011.66,13.23,3.89,N,8.19,clear sky,10.3,79.8
2021-12-10 03:00:03.712818,28.82,75.25,1011.32,16.07,3.89,N,8.05,clear sky,10.3,79.8
2021-12-10 04:00:03.336614,28.66,75.71,1011.18,17.29,3.85,N,7.5,clear sky,10.3,79.8
2021-12-10 05:00:03.055686,28.37,76.42,1011.42,15.24,3.85,N,7.16,clear sky,10.3,79.8
2021-12-10 06:00:03.265017,27.93,77.65,1011.85,11.68,4.3,N,8.27,scattered clouds,10.3,79.8
2021-12-10 07:00:03.204256,28.3,77.63,1012.58,5.6,4.73,N,8.46,scattered clouds,10.3,79.8
2021-12-10 08:00:03.317341,28.13,78.22,1013.37,0.96,5.42,NNE,8.36,broken clouds,10.3,79.8
2021-12-10 09:00:03.832325,28.63,76.92,1013.94,5.74,5.7,NNE,7.46,broken clouds,10.3,79.8
2021-12-10 10:00:02.377647,28.73,76.13,1014.03,6.52,5.66,NE,7.1,broken clouds,10.3,79.8
2021-12-10 11:00:04.043726,29.87,71.14,1013.66,3.41,5.85,NE,6.97,broken clouds,10.3,79.8
2021-12-10 12:00:03.520731,29.68,71.0,1012.67,4.81,6.15,NE,6.78,broken clouds,10.3,79.8
2021-12-10 13:00:03.747334,29.64,69.7,1011.71,12.8,6.15,NE,6.41,broken clouds,10.3,79.8
2021-12-10 14:00:02.860559,29.69,69.34,1010.75,20.81,6.1,NE,6.31,broken clouds,10.3,79.8
2021-12-10 15:00:03.944776,30.16,66.29,1010.11,26.15,6.15,NE,6.33,scattered clouds,10.3,79.8
2021-12-10 16:00:03.343804,29.98,66.01,1010.1,26.29,5.78,NE,6.7,broken clouds,10.3,79.8
2021-12-10 17:00:03.754283,29.98,66.63,1010.46,23.28,5.08,NE,8.24,broken clouds,10.3,79.8
2021-12-10 18:00:02.936186,29.7,67.71,1011.23,16.82,4.65,NE,8.86,overcast clouds,10.3,79.8
2021-12-10 19:00:03.269918,29.51,69.61,1012.09,9.64,4.52,NE,8.83,broken clouds,10.3,79.8
2021-12-10 20:00:03.938172,29.3,72.0,1012.78,3.9,4.33,NE,9.06,broken clouds,10.3,79.8
2021-12-10 21:00:02.744941,29.14,72.28,1013.47,1.83,4.38,NNE,9.53,broken clouds,10.3,79.8
2021-12-10 22:00:03.739064,29.27,74.27,1013.55,2.48,4.25,NNE,9.76,scattered clouds,10.3,79.8
2021-12-10 23:00:02.734966,29.21,74.67,1013.12,1.11,3.83,NNE,9.57,broken clouds,10.3,79.8
2021-12-11 00:00:02.732056,29.09,75.08,1012.62,5.28,4.25,NNE,10.04,scattered clouds,10.3,79.8
2021-12-11 01:00:02.965644,28.97,75.66,1012.01,10.29,3.86,N,9.19,clear sky,10.3,79.8
2021-12-11 02:00:03.792312,28.9,75.85,1011.3,16.26,3.95,N,8.6,clear sky,10.3,79.8
2021-12-11 03:00:02.761882,28.99,75.91,1010.74,20.93,4.38,N,8.99,clear sky,10.3,79.8
2021-12-11 04:00:04.425404,28.93,76.3,1010.57,22.36,4.55,N,8.95,clear sky,10.3,79.8
2021-12-11 05:00:03.071049,28.89,76.49,1010.94,19.24,4.67,N,8.94,few clouds,10.3,79.8
2021-12-11 06:00:03.721348,28.78,76.55,1011.34,15.89,4.37,N,8.51,few clouds,10.3,79.8
2021-12-11 07:00:04.388544,28.65,77.61,1011.92,11.1,5.28,N,8.69,few clouds,10.3,79.8
2021-12-11 08:00:03.107327,28.45,78.14,1012.79,4.01,5.84,N,7.67,few clouds,10.3,79.8
2021-12-11 09:00:02.695018,28.64,77.66,1013.28,0.26,5.9,N,7.29,few clouds,10.3,79.8
2021-12-11 10:00:02.209510,29.0,75.91,1013.17,0.64,5.75,NNE,6.77,few clouds,10.3,79.8
2021-12-11 11:00:02.681209,29.41,73.76,1012.68,4.74,5.93,NNE,6.73,few clouds,10.3,79.8
2021-12-11 12:00:02.755400,29.49,72.92,1011.84,11.75,5.85,NE,6.7,scattered clouds,10.3,79.8
2021-12-11 13:00:05.809050,29.62,72.9,1010.88,19.77,6.04,NE,7.27,scattered clouds,10.3,79.8
2021-12-11 14:00:02.912600,29.96,71.24,1009.9,27.93,6.05,NE,7.46,scattered clouds,10.3,79.8
2021-12-11 15:00:03.787617,30.23,72.03,1009.12,34.47,6.39,NE,7.26,scattered clouds,10.3,79.8
2021-12-11 16:00:04.521823,30.09,70.87,1009.11,34.49,5.93,NE,7.22,scattered clouds,10.3,79.8
2021-12-11 17:00:02.786058,29.91,68.16,1009.56,30.8,5.54,NE,8.75,scattered clouds,10.3,79.8
2021-12-11 18:00:03.009100,29.83,68.88,1010.45,23.35,4.8,NE,8.89,clear sky,10.3,79.8
2021-12-11 19:00:05.332839,29.68,72.43,1011.44,15.1,4.53,NE,9.15,clear sky,10.3,79.8
2021-12-11 20:00:03.771374,29.55,73.39,1012.4,7.07,4.36,NNE,9.5,clear sky,10.3,79.8
2021-12-11 21:00:02.875165,29.63,73.96,1013.08,1.39,4.35,NNE,9.43,clear sky,10.3,79.8
2021-12-11 22:00:02.765600,29.56,74.4,1013.26,0.05,4.21,NNE,9.37,few clouds,10.3,79.8
2021-12-11 23:00:04.301607,29.48,75.75,1012.79,3.84,3.88,NNE,9.03,few clouds,10.3,79.8
2021-12-12 00:00:02.784880,29.12,73.85,1012.3,7.91,3.94,NNE,9.01,few clouds,10.3,79.8
2021-12-12 01:00:02.688921,28.97,73.84,1011.87,11.49,4.09,N,8.74,few clouds,10.3,79.8
2021-12-12 02:00:02.735897,29.0,74.5,1011.51,14.54,4.51,N,8.62,light rain,10.3,79.8
2021-12-12 03:00:04.404300,28.89,72.84,1010.83,20.21,4.63,N,8.77,few clouds,10.3,79.8
2021-12-12 04:00:03.179563,28.78,74.14,1010.92,19.38,4.26,N,8.59,few clouds,10.3,79.8
2021-12-12 05:00:04.417601,28.77,74.3,1011.4,15.44,4.57,N,8.81,few clouds,10.3,79.8
2021-12-12 06:00:03.025143,28.66,73.74,1011.67,13.19,4.5,N,8.46,few clouds,10.3,79.8
2021-12-12 07:00:02.766349,28.29,73.12,1012.42,6.92,5.14,N,8.89,clear sky,10.3,79.8
2021-12-12 08:00:03.237222,27.9,74.97,1013.4,1.22,6.07,N,8.26,clear sky,10.3,79.8
2021-12-12 09:00:02.953867,28.2,76.33,1013.73,3.99,5.96,NNE,7.7,clear sky,10.3,79.8
2021-12-12 10:00:02.396945,28.61,76.2,1013.81,4.67,6.34,NNE,7.61,few clouds,10.3,79.8
2021-12-12 11:00:04.001361,29.01,75.74,1012.89,3.04,6.43,NNE,7.56,few clouds,10.3,79.8
2021-12-12 12:00:05.464715,29.08,77.73,1011.67,13.16,6.98,NE,8.28,scattered clouds,10.3,79.8
2021-12-12 13:00:10.418254,29.57,74.04,1010.57,22.39,7.23,NE,8.42,scattered clouds,10.3,79.8
2021-12-12 14:00:02.321861,29.23,75.79,1009.89,27.99,7.02,NE,8.21,moderate rain,10.3,79.8
2021-12-12 15:00:02.248638,29.1,74.29,1009.62,30.29,7.25,NE,8.46,heavy intensity rain,10.3,79.8
2021-12-12 16:00:06.218279,29.32,74.61,1009.62,30.26,6.66,NE,8.73,moderate rain,10.3,79.8
2021-12-12 17:00:02.626177,29.34,75.04,1010.15,25.85,5.84,NE,9.1,scattered clouds,10.3,79.8
2021-12-12 18:00:03.941151,29.1,75.17,1010.56,22.43,4.86,NE,9.23,broken clouds,10.3,79.8
2021-12-12 19:00:02.286931,28.95,76.71,1011.47,14.8,4.47,NE,9.37,broken clouds,10.3,79.8
2021-12-12 20:00:02.153702,28.0,76.44,1012.58,5.62,4.17,NNE,9.19,broken clouds,10.3,79.8
2021-12-12 21:00:02.161028,28.59,75.96,1013.16,0.77,3.69,NNE,8.37,overcast clouds,10.3,79.8
2021-12-12 22:00:02.122554,28.8,78.17,1013.2,0.45,3.36,NNE,7.52,overcast clouds,10.3,79.8
2021-12-12 23:00:02.231539,28.72,78.87,1012.64,5.08,3.3,N,7.03,overcast clouds,10.3,79.8
2021-12-13 00:00:01.203550,28.55,79.04,1011.83,11.8,3.69,N,7.99,overcast clouds,10.3,79.8
2021-12-13 01:00:02.230278,28.47,79.27,1011.02,18.55,4.07,N,8.13,overcast clouds,10.3,79.8
2021-12-13 02:00:02.318300,28.38,79.4,1010.3,24.6,4.53,N,8.62,broken clouds,10.3,79.8
2021-12-13 03:00:02.348067,28.33,79.4,1009.77,28.99,4.52,N,8.82,broken clouds,10.3,79.8
2021-12-13 04:00:02.189687,28.24,79.27,1009.78,28.94,4.65,N,9.08,broken clouds,10.3,79.8
2021-12-13 05:00:02.352602,28.1,78.86,1010.1,26.26,4.63,N,9.22,broken clouds,10.3,79.8
2021-12-13 06:00:02.219153,27.89,78.68,1010.74,20.89,4.63,N,9.22,broken clouds,10.3,79.8
2021-12-13 07:00:03.889180,27.6,79.06,1011.54,14.28,5.38,N,9.58,overcast clouds,10.3,79.8
2021-12-13 08:00:02.179668,27.5,79.5,1012.47,6.46,6.06,N,8.64,overcast clouds,10.3,79.8
2021-12-13 09:00:02.202328,28.01,79.78,1012.94,2.55,6.28,NNE,7.9,overcast clouds,10.3,79.8
2021-12-13 10:00:02.091224,28.44,79.01,1013.0,2.07,6.0,NNE,7.05,overcast clouds,10.3,79.8
2021-12-13 11:00:08.931494,29.0,77.11,1012.5,6.22,5.83,NE,6.85,broken clouds,10.3,79.8
2021-12-13 12:00:02.485426,29.19,77.01,1011.27,16.49,5.83,NE,7.05,broken clouds,10.3,79.8
2021-12-13 13:00:02.493903,28.99,74.48,1010.23,25.16,5.78,NE,7.12,broken clouds,10.3,79.8
2021-12-13 14:00:08.389812,29.23,72.59,1008.99,35.52,5.8,ENE,7.21,overcast clouds,10.3,79.8
2021-12-13 15:00:10.802169,29.45,74.77,1008.23,41.85,6.19,ENE,7.36,overcast clouds,10.3,79.8
2021-12-13 16:00:08.314735,29.14,75.21,1008.18,42.03,6.09,NE,7.47,overcast clouds,10.3,79.8
2021-12-13 17:00:09.971185,29.19,72.11,1008.65,38.34,5.47,NE,8.19,overcast clouds,10.3,79.8
2021-12-13 18:00:10.440919,29.01,72.66,1009.78,28.91,4.86,NE,8.86,overcast clouds,10.3,79.8
2021-12-13 19:00:09.818528,28.77,74.6,1010.71,21.21,4.25,NNE,8.78,overcast clouds,10.3,79.8
2021-12-13 20:00:08.898744,28.55,74.1,1011.16,17.37,4.21,NNE,9.1,overcast clouds,10.3,79.8
2021-12-13 21:00:08.895447,28.35,76.84,1011.81,11.98,4.37,NNE,9.39,overcast clouds,10.3,79.8
2021-12-13 22:00:09.889808,28.34,76.87,1011.93,10.96,4.23,N,9.27,overcast clouds,10.3,79.8
2021-12-13 23:00:07.311994,28.46,77.64,1011.62,13.61,4.64,N,9.82,overcast clouds,10.3,79.8
2021-12-14 00:00:07.324355,28.41,77.64,1011.06,18.24,4.65,N,9.9,overcast clouds,10.3,79.8
2021-12-14 01:00:07.313429,28.38,78.33,1010.46,23.22,4.85,N,10.06,overcast clouds,10.3,79.8
2021-12-14 02:00:07.311793,28.29,78.21,1010.03,26.86,4.87,N,9.8,overcast clouds,10.3,79.8
2021-12-14 03:00:07.366477,28.35,77.34,1009.65,29.98,4.62,N,9.14,overcast clouds,10.3,79.8
2021-12-14 04:00:07.323831,28.21,77.24,1009.56,30.73,4.55,N,8.9,overcast clouds,10.3,79.8
2021-12-14 05:00:07.339125,28.15,76.8,1009.87,28.18,4.47,N,8.51,overcast clouds,10.3,79.8
2021-12-14 06:00:07.435001,27.92,76.28,1010.28,24.73,4.48,N,8.72,overcast clouds,10.3,79.8
2021-12-14 07:00:08.951392,27.05,77.62,1011.15,17.48,4.74,N,8.46,overcast clouds,10.3,79.8
2021-12-14 08:00:07.347138,27.02,78.09,1012.11,9.54,5.43,N,7.84,overcast clouds,10.3,79.8
2021-12-14 09:00:07.353108,27.7,76.45,1012.35,7.52,5.43,N,6.94,overcast clouds,10.3,79.8
2021-12-14 10:00:06.816536,28.2,76.72,1012.35,7.46,5.58,N,6.88,overcast clouds,10.3,79.8
2021-12-14 11:00:07.378163,28.73,75.35,1011.79,12.19,5.64,NNE,6.78,overcast clouds,10.3,79.8
2021-12-14 12:00:08.840983,29.02,74.8,1010.8,20.44,5.52,NNE,6.7,broken clouds,10.3,79.8
2021-12-14 13:00:09.356675,29.31,71.82,1009.52,31.07,5.79,NE,6.96,broken clouds,10.3,79.8
2021-12-14 14:00:08.323344,28.14,78.82,1008.99,35.53,6.04,NE,6.86,broken clouds,10.3,79.8
2021-12-14 15:00:10.335623,29.14,77.22,1008.04,43.48,5.6,NE,7.21,overcast clouds,10.3,79.8
2021-12-14 16:00:11.525462,29.35,71.4,1007.99,43.92,5.49,NE,7.69,overcast clouds,10.3,79.8
2021-12-14 17:00:10.335893,28.99,71.71,1008.52,39.44,5.37,NE,8.83,overcast clouds,10.3,79.8
2021-12-14 18:00:10.914890,28.72,72.76,1009.12,34.46,4.41,NNE,8.8,overcast clouds,10.3,79.8
2021-12-14 19:00:11.626960,28.52,74.66,1010.21,25.32,4.31,NNE,9.06,overcast clouds,10.3,79.8
2021-12-14 20:00:07.359956,28.08,74.44,1011.15,17.49,4.38,NNE,9.49,overcast clouds,10.3,79.8
2021-12-14 21:00:07.393612,28.28,71.62,1011.8,12.08,4.89,NNE,10.2,overcast clouds,10.3,79.8
2021-12-14 22:00:07.315137,27.74,70.81,1012.25,8.36,5.16,NNE,10.28,overcast clouds,10.3,79.8
2021-12-14 23:00:07.311765,28.37,73.5,1011.99,10.48,5.12,N,10.13,overcast clouds,10.3,79.8
2021-12-15 00:00:07.321985,28.33,74.3,1011.7,12.93,4.99,N,9.92,overcast clouds,10.3,79.8
2021-12-15 01:00:07.314669,28.25,75.73,1011.29,16.31,5.08,N,9.97,overcast clouds,10.3,79.8
2021-12-15 02:00:07.704632,28.17,75.68,1010.67,21.52,5.23,N,10.04,overcast clouds,10.3,79.8
2021-12-15 03:00:08.502790,28.07,75.99,1010.23,25.19,5.14,N,10.04,overcast clouds,10.3,79.8
2021-12-15 04:00:08.815883,28.19,76.13,1010.0,27.12,4.97,N,9.94,overcast clouds,10.3,79.8
2021-12-15 05:00:07.739019,28.08,75.3,1010.37,23.98,5.06,N,10.08,overcast clouds,10.3,79.8
2021-12-15 06:00:08.330405,27.39,75.87,1010.78,20.56,5.18,N,10.08,overcast clouds,10.3,79.8
2021-12-15 07:00:08.831649,26.74,76.82,1011.29,16.33,5.18,N,10.08,overcast clouds,10.3,79.8
2021-12-15 08:00:10.503968,27.04,76.74,1012.04,10.06,6.59,N,9.61,overcast clouds,10.3,79.8
2021-12-15 09:00:11.217876,27.62,76.03,1012.6,5.45,6.73,NNE,8.67,overcast clouds,10.3,79.8
2021-12-15 10:00:09.914502,27.92,75.75,1012.6,5.44,6.65,NNE,8.13,overcast clouds,10.3,79.8
2021-12-15 11:00:10.897624,28.58,74.12,1012.18,8.95,6.57,NNE,7.6,overcast clouds,10.3,79.8
2021-12-15 12:00:10.327317,28.99,72.4,1011.48,14.75,6.94,NNE,8.13,overcast clouds,10.3,79.8
2021-12-15 13:00:14.502365,29.04,71.33,1010.48,23.07,7.17,NE,8.57,overcast clouds,10.3,79.8
2021-12-15 14:00:10.911058,29.17,70.22,1009.65,30.02,7.12,NE,8.55,overcast clouds,10.3,79.8
2021-12-15 15:00:04.362358,29.33,69.08,1008.95,35.86,7.12,NE,8.55,overcast clouds,10.3,79.8
